execution	cohort	cohort_sort	dependence	dependence_sort	dependence_type	independence	model	model_sort	model_adjustment	model_context	model_note
1	alcohol_ever_female	1	alcohol_drinks_monthly_combination_log	1	linear	births;menopause_ordinal;oophorectomy;hysterectomy;age;body;region;season;alteration_sex_hormone;oestradiol_imputation;testosterone_imputation;steroid_globulin_imputation;albumin_imputation	1	1	adjust	joint	adjust joint
1	alcohol_ever_female	1	alcohol_drinks_monthly_combination_log	1	linear	births;menopause_ordinal;oophorectomy;hysterectomy;age;body;region;season;alteration_sex_hormone;oestradiol_imputation	2	2	adjust	marginal	adjust marginal oestradiol
1	alcohol_ever_female	1	alcohol_drinks_monthly_combination_log	1	linear	births;menopause_ordinal;oophorectomy;hysterectomy;age;body;region;season;alteration_sex_hormone;oestradiol_bioavailable_imputation	3	3	adjust	marginal	adjust marginal oestradiol bioavailable
1	alcohol_ever_female	1	alcohol_drinks_monthly_combination_log	1	linear	births;menopause_ordinal;oophorectomy;hysterectomy;age;body;region;season;alteration_sex_hormone;oestradiol_free_imputation	4	4	adjust	marginal	adjust marginal oestradiol free
1	alcohol_ever_female	1	alcohol_drinks_monthly_combination_log	1	linear	births;menopause_ordinal;oophorectomy;hysterectomy;age;body;region;season;alteration_sex_hormone;testosterone_imputation	5	5	adjust	marginal	adjust marginal testosterone
1	alcohol_ever_female	1	alcohol_drinks_monthly_combination_log	1	linear	births;menopause_ordinal;oophorectomy;hysterectomy;age;body;region;season;alteration_sex_hormone;testosterone_bioavailable_imputation	6	6	adjust	marginal	adjust marginal testosterone bioavailable
1	alcohol_ever_female	1	alcohol_drinks_monthly_combination_log	1	linear	births;menopause_ordinal;oophorectomy;hysterectomy;age;body;region;season;alteration_sex_hormone;testosterone_free_imputation	7	7	adjust	marginal	adjust marginal testosterone free
1	alcohol_ever_female	1	alcohol_drinks_monthly_combination_log	1	linear	births;menopause_ordinal;oophorectomy;hysterectomy;age;body;region;season;alteration_sex_hormone;steroid_globulin_imputation	8	8	adjust	marginal	adjust marginal steroid globulin
1	alcohol_ever_female	1	alcohol_drinks_monthly_combination_log	1	linear	births;menopause_ordinal;oophorectomy;hysterectomy;age;body;region;season;alteration_sex_hormone;albumin_imputation	9	9	adjust	marginal	adjust marginal albumin
1	alcohol_ever_female	1	alcohol_drinks_monthly_combination_log	1	linear	oestradiol_imputation;testosterone_imputation;steroid_globulin_imputation;albumin_imputation	10	10	unadjust	joint	unadjust joint
1	alcohol_ever_female	1	alcohol_drinks_monthly_combination_log	1	linear	oestradiol_imputation	11	11	unadjust	marginal	marginal unadjust oestradiol
1	alcohol_ever_female	1	alcohol_drinks_monthly_combination_log	1	linear	oestradiol_bioavailable_imputation	12	12	unadjust	marginal	unadjust marginal oestradiol bioavailable
1	alcohol_ever_female	1	alcohol_drinks_monthly_combination_log	1	linear	oestradiol_free_imputation	13	13	unadjust	marginal	unadjust marginal oestradiol free
1	alcohol_ever_female	1	alcohol_drinks_monthly_combination_log	1	linear	testosterone_imputation	14	14	unadjust	marginal	unadjust marginal testosterone
1	alcohol_ever_female	1	alcohol_drinks_monthly_combination_log	1	linear	testosterone_bioavailable_imputation	15	15	unadjust	marginal	unadjust marginal testosterone bioavailable
1	alcohol_ever_female	1	alcohol_drinks_monthly_combination_log	1	linear	testosterone_free_imputation	16	16	unadjust	marginal	unadjust marginal testosterone free
1	alcohol_ever_female	1	alcohol_drinks_monthly_combination_log	1	linear	steroid_globulin_imputation	17	17	unadjust	marginal	unadjust marginal steroid globulin
1	alcohol_ever_female	1	alcohol_drinks_monthly_combination_log	1	linear	albumin_imputation	18	18	unadjust	marginal	unadjust marginal albumin
1	alcohol_ever_female_menstruation_regular	2	alcohol_drinks_monthly_combination_log	1	linear	menstruation_phase_cycle;birth_live_recent;births;menopause_ordinal;oophorectomy;hysterectomy;age;body;region;season;alteration_sex_hormone;oestradiol_imputation;testosterone_imputation;steroid_globulin_imputation;albumin_imputation	1	1	adjust	joint	adjust joint
1	alcohol_ever_female_menstruation_regular	2	alcohol_drinks_monthly_combination_log	1	linear	menstruation_phase_cycle;birth_live_recent;births;menopause_ordinal;oophorectomy;hysterectomy;age;body;region;season;alteration_sex_hormone;oestradiol_imputation	2	2	adjust	marginal	adjust marginal oestradiol
1	alcohol_ever_female_menstruation_regular	2	alcohol_drinks_monthly_combination_log	1	linear	menstruation_phase_cycle;birth_live_recent;births;menopause_ordinal;oophorectomy;hysterectomy;age;body;region;season;alteration_sex_hormone;oestradiol_bioavailable_imputation	3	3	adjust	marginal	adjust marginal oestradiol bioavailable
1	alcohol_ever_female_menstruation_regular	2	alcohol_drinks_monthly_combination_log	1	linear	menstruation_phase_cycle;birth_live_recent;births;menopause_ordinal;oophorectomy;hysterectomy;age;body;region;season;alteration_sex_hormone;oestradiol_free_imputation	4	4	adjust	marginal	adjust marginal oestradiol free
1	alcohol_ever_female_menstruation_regular	2	alcohol_drinks_monthly_combination_log	1	linear	menstruation_phase_cycle;birth_live_recent;births;menopause_ordinal;oophorectomy;hysterectomy;age;body;region;season;alteration_sex_hormone;testosterone_imputation	5	5	adjust	marginal	adjust marginal testosterone
1	alcohol_ever_female_menstruation_regular	2	alcohol_drinks_monthly_combination_log	1	linear	menstruation_phase_cycle;birth_live_recent;births;menopause_ordinal;oophorectomy;hysterectomy;age;body;region;season;alteration_sex_hormone;testosterone_bioavailable_imputation	6	6	adjust	marginal	adjust marginal testosterone bioavailable
1	alcohol_ever_female_menstruation_regular	2	alcohol_drinks_monthly_combination_log	1	linear	menstruation_phase_cycle;birth_live_recent;births;menopause_ordinal;oophorectomy;hysterectomy;age;body;region;season;alteration_sex_hormone;testosterone_free_imputation	7	7	adjust	marginal	adjust marginal testosterone free
1	alcohol_ever_female_menstruation_regular	2	alcohol_drinks_monthly_combination_log	1	linear	menstruation_phase_cycle;birth_live_recent;births;menopause_ordinal;oophorectomy;hysterectomy;age;body;region;season;alteration_sex_hormone;steroid_globulin_imputation	8	8	adjust	marginal	adjust marginal steroid globulin
1	alcohol_ever_female_menstruation_regular	2	alcohol_drinks_monthly_combination_log	1	linear	menstruation_phase_cycle;birth_live_recent;births;menopause_ordinal;oophorectomy;hysterectomy;age;body;region;season;alteration_sex_hormone;albumin_imputation	9	9	adjust	marginal	adjust marginal albumin
1	alcohol_ever_female_menstruation_regular	2	alcohol_drinks_monthly_combination_log	1	linear	oestradiol_imputation;testosterone_imputation;steroid_globulin_imputation;albumin_imputation	10	10	unadjust	joint	unadjust joint
1	alcohol_ever_female_menstruation_regular	2	alcohol_drinks_monthly_combination_log	1	linear	oestradiol_imputation	11	11	unadjust	marginal	marginal unadjust oestradiol
1	alcohol_ever_female_menstruation_regular	2	alcohol_drinks_monthly_combination_log	1	linear	oestradiol_bioavailable_imputation	12	12	unadjust	marginal	unadjust marginal oestradiol bioavailable
1	alcohol_ever_female_menstruation_regular	2	alcohol_drinks_monthly_combination_log	1	linear	oestradiol_free_imputation	13	13	unadjust	marginal	unadjust marginal oestradiol free
1	alcohol_ever_female_menstruation_regular	2	alcohol_drinks_monthly_combination_log	1	linear	testosterone_imputation	14	14	unadjust	marginal	unadjust marginal testosterone
1	alcohol_ever_female_menstruation_regular	2	alcohol_drinks_monthly_combination_log	1	linear	testosterone_bioavailable_imputation	15	15	unadjust	marginal	unadjust marginal testosterone bioavailable
1	alcohol_ever_female_menstruation_regular	2	alcohol_drinks_monthly_combination_log	1	linear	testosterone_free_imputation	16	16	unadjust	marginal	unadjust marginal testosterone free
1	alcohol_ever_female_menstruation_regular	2	alcohol_drinks_monthly_combination_log	1	linear	steroid_globulin_imputation	17	17	unadjust	marginal	unadjust marginal steroid globulin
1	alcohol_ever_female_menstruation_regular	2	alcohol_drinks_monthly_combination_log	1	linear	albumin_imputation	18	18	unadjust	marginal	unadjust marginal albumin
1	alcohol_ever_female_premenopause	3	alcohol_drinks_monthly_combination_log	1	linear	menstruation_phase_cycle;birth_live_recent;births;hysterectomy;age;body;region;season;alteration_sex_hormone;oestradiol_imputation;testosterone_imputation;steroid_globulin_imputation;albumin_imputation	1	1	adjust	joint	adjust joint
1	alcohol_ever_female_premenopause	3	alcohol_drinks_monthly_combination_log	1	linear	menstruation_phase_cycle;birth_live_recent;births;hysterectomy;age;body;region;season;alteration_sex_hormone;oestradiol_imputation	2	2	adjust	marginal	adjust marginal oestradiol
1	alcohol_ever_female_premenopause	3	alcohol_drinks_monthly_combination_log	1	linear	menstruation_phase_cycle;birth_live_recent;births;hysterectomy;age;body;region;season;alteration_sex_hormone;oestradiol_bioavailable_imputation	3	3	adjust	marginal	adjust marginal oestradiol bioavailable
1	alcohol_ever_female_premenopause	3	alcohol_drinks_monthly_combination_log	1	linear	menstruation_phase_cycle;birth_live_recent;births;hysterectomy;age;body;region;season;alteration_sex_hormone;oestradiol_free_imputation	4	4	adjust	marginal	adjust marginal oestradiol free
1	alcohol_ever_female_premenopause	3	alcohol_drinks_monthly_combination_log	1	linear	menstruation_phase_cycle;birth_live_recent;births;hysterectomy;age;body;region;season;alteration_sex_hormone;testosterone_imputation	5	5	adjust	marginal	adjust marginal testosterone
1	alcohol_ever_female_premenopause	3	alcohol_drinks_monthly_combination_log	1	linear	menstruation_phase_cycle;birth_live_recent;births;hysterectomy;age;body;region;season;alteration_sex_hormone;testosterone_bioavailable_imputation	6	6	adjust	marginal	adjust marginal testosterone bioavailable
1	alcohol_ever_female_premenopause	3	alcohol_drinks_monthly_combination_log	1	linear	menstruation_phase_cycle;birth_live_recent;births;hysterectomy;age;body;region;season;alteration_sex_hormone;testosterone_free_imputation	7	7	adjust	marginal	adjust marginal testosterone free
1	alcohol_ever_female_premenopause	3	alcohol_drinks_monthly_combination_log	1	linear	menstruation_phase_cycle;birth_live_recent;births;hysterectomy;age;body;region;season;alteration_sex_hormone;steroid_globulin_imputation	8	8	adjust	marginal	adjust marginal steroid globulin
1	alcohol_ever_female_premenopause	3	alcohol_drinks_monthly_combination_log	1	linear	menstruation_phase_cycle;birth_live_recent;births;hysterectomy;age;body;region;season;alteration_sex_hormone;albumin_imputation	9	9	adjust	marginal	adjust marginal albumin
1	alcohol_ever_female_premenopause	3	alcohol_drinks_monthly_combination_log	1	linear	oestradiol_imputation;testosterone_imputation;steroid_globulin_imputation;albumin_imputation	10	10	unadjust	joint	unadjust joint
1	alcohol_ever_female_premenopause	3	alcohol_drinks_monthly_combination_log	1	linear	oestradiol_imputation	11	11	unadjust	marginal	marginal unadjust oestradiol
1	alcohol_ever_female_premenopause	3	alcohol_drinks_monthly_combination_log	1	linear	oestradiol_bioavailable_imputation	12	12	unadjust	marginal	unadjust marginal oestradiol bioavailable
1	alcohol_ever_female_premenopause	3	alcohol_drinks_monthly_combination_log	1	linear	oestradiol_free_imputation	13	13	unadjust	marginal	unadjust marginal oestradiol free
1	alcohol_ever_female_premenopause	3	alcohol_drinks_monthly_combination_log	1	linear	testosterone_imputation	14	14	unadjust	marginal	unadjust marginal testosterone
1	alcohol_ever_female_premenopause	3	alcohol_drinks_monthly_combination_log	1	linear	testosterone_bioavailable_imputation	15	15	unadjust	marginal	unadjust marginal testosterone bioavailable
1	alcohol_ever_female_premenopause	3	alcohol_drinks_monthly_combination_log	1	linear	testosterone_free_imputation	16	16	unadjust	marginal	unadjust marginal testosterone free
1	alcohol_ever_female_premenopause	3	alcohol_drinks_monthly_combination_log	1	linear	steroid_globulin_imputation	17	17	unadjust	marginal	unadjust marginal steroid globulin
1	alcohol_ever_female_premenopause	3	alcohol_drinks_monthly_combination_log	1	linear	albumin_imputation	18	18	unadjust	marginal	unadjust marginal albumin
1	alcohol_ever_female_perimenopause	4	alcohol_drinks_monthly_combination_log	1	linear	births;hysterectomy;age;body;region;season;alteration_sex_hormone;oestradiol_imputation;testosterone_imputation;steroid_globulin_imputation;albumin_imputation	1	1	adjust	joint	adjust joint
1	alcohol_ever_female_perimenopause	4	alcohol_drinks_monthly_combination_log	1	linear	births;hysterectomy;age;body;region;season;alteration_sex_hormone;oestradiol_imputation	2	2	adjust	marginal	adjust marginal oestradiol
1	alcohol_ever_female_perimenopause	4	alcohol_drinks_monthly_combination_log	1	linear	births;hysterectomy;age;body;region;season;alteration_sex_hormone;oestradiol_bioavailable_imputation	3	3	adjust	marginal	adjust marginal oestradiol bioavailable
1	alcohol_ever_female_perimenopause	4	alcohol_drinks_monthly_combination_log	1	linear	births;hysterectomy;age;body;region;season;alteration_sex_hormone;oestradiol_free_imputation	4	4	adjust	marginal	adjust marginal oestradiol free
1	alcohol_ever_female_perimenopause	4	alcohol_drinks_monthly_combination_log	1	linear	births;hysterectomy;age;body;region;season;alteration_sex_hormone;testosterone_imputation	5	5	adjust	marginal	adjust marginal testosterone
1	alcohol_ever_female_perimenopause	4	alcohol_drinks_monthly_combination_log	1	linear	births;hysterectomy;age;body;region;season;alteration_sex_hormone;testosterone_bioavailable_imputation	6	6	adjust	marginal	adjust marginal testosterone bioavailable
1	alcohol_ever_female_perimenopause	4	alcohol_drinks_monthly_combination_log	1	linear	births;hysterectomy;age;body;region;season;alteration_sex_hormone;testosterone_free_imputation	7	7	adjust	marginal	adjust marginal testosterone free
1	alcohol_ever_female_perimenopause	4	alcohol_drinks_monthly_combination_log	1	linear	births;hysterectomy;age;body;region;season;alteration_sex_hormone;steroid_globulin_imputation	8	8	adjust	marginal	adjust marginal steroid globulin
1	alcohol_ever_female_perimenopause	4	alcohol_drinks_monthly_combination_log	1	linear	births;hysterectomy;age;body;region;season;alteration_sex_hormone;albumin_imputation	9	9	adjust	marginal	adjust marginal albumin
1	alcohol_ever_female_perimenopause	4	alcohol_drinks_monthly_combination_log	1	linear	oestradiol_imputation;testosterone_imputation;steroid_globulin_imputation;albumin_imputation	10	10	unadjust	joint	unadjust joint
1	alcohol_ever_female_perimenopause	4	alcohol_drinks_monthly_combination_log	1	linear	oestradiol_imputation	11	11	unadjust	marginal	marginal unadjust oestradiol
1	alcohol_ever_female_perimenopause	4	alcohol_drinks_monthly_combination_log	1	linear	oestradiol_bioavailable_imputation	12	12	unadjust	marginal	unadjust marginal oestradiol bioavailable
1	alcohol_ever_female_perimenopause	4	alcohol_drinks_monthly_combination_log	1	linear	oestradiol_free_imputation	13	13	unadjust	marginal	unadjust marginal oestradiol free
1	alcohol_ever_female_perimenopause	4	alcohol_drinks_monthly_combination_log	1	linear	testosterone_imputation	14	14	unadjust	marginal	unadjust marginal testosterone
1	alcohol_ever_female_perimenopause	4	alcohol_drinks_monthly_combination_log	1	linear	testosterone_bioavailable_imputation	15	15	unadjust	marginal	unadjust marginal testosterone bioavailable
1	alcohol_ever_female_perimenopause	4	alcohol_drinks_monthly_combination_log	1	linear	testosterone_free_imputation	16	16	unadjust	marginal	unadjust marginal testosterone free
1	alcohol_ever_female_perimenopause	4	alcohol_drinks_monthly_combination_log	1	linear	steroid_globulin_imputation	17	17	unadjust	marginal	unadjust marginal steroid globulin
1	alcohol_ever_female_perimenopause	4	alcohol_drinks_monthly_combination_log	1	linear	albumin_imputation	18	18	unadjust	marginal	unadjust marginal albumin
1	alcohol_ever_female_postmenopause	5	alcohol_drinks_monthly_combination_log	1	linear	births;oophorectomy;hysterectomy;age;body;region;season;alteration_sex_hormone;oestradiol_imputation;testosterone_imputation;steroid_globulin_imputation;albumin_imputation	1	1	adjust	joint	adjust joint
1	alcohol_ever_female_postmenopause	5	alcohol_drinks_monthly_combination_log	1	linear	births;oophorectomy;hysterectomy;age;body;region;season;alteration_sex_hormone;oestradiol_imputation	2	2	adjust	marginal	adjust marginal oestradiol
1	alcohol_ever_female_postmenopause	5	alcohol_drinks_monthly_combination_log	1	linear	births;oophorectomy;hysterectomy;age;body;region;season;alteration_sex_hormone;oestradiol_bioavailable_imputation	3	3	adjust	marginal	adjust marginal oestradiol bioavailable
1	alcohol_ever_female_postmenopause	5	alcohol_drinks_monthly_combination_log	1	linear	births;oophorectomy;hysterectomy;age;body;region;season;alteration_sex_hormone;oestradiol_free_imputation	4	4	adjust	marginal	adjust marginal oestradiol free
1	alcohol_ever_female_postmenopause	5	alcohol_drinks_monthly_combination_log	1	linear	births;oophorectomy;hysterectomy;age;body;region;season;alteration_sex_hormone;testosterone_imputation	5	5	adjust	marginal	adjust marginal testosterone
1	alcohol_ever_female_postmenopause	5	alcohol_drinks_monthly_combination_log	1	linear	births;oophorectomy;hysterectomy;age;body;region;season;alteration_sex_hormone;testosterone_bioavailable_imputation	6	6	adjust	marginal	adjust marginal testosterone bioavailable
1	alcohol_ever_female_postmenopause	5	alcohol_drinks_monthly_combination_log	1	linear	births;oophorectomy;hysterectomy;age;body;region;season;alteration_sex_hormone;testosterone_free_imputation	7	7	adjust	marginal	adjust marginal testosterone free
1	alcohol_ever_female_postmenopause	5	alcohol_drinks_monthly_combination_log	1	linear	births;oophorectomy;hysterectomy;age;body;region;season;alteration_sex_hormone;steroid_globulin_imputation	8	8	adjust	marginal	adjust marginal steroid globulin
1	alcohol_ever_female_postmenopause	5	alcohol_drinks_monthly_combination_log	1	linear	births;oophorectomy;hysterectomy;age;body;region;season;alteration_sex_hormone;albumin_imputation	9	9	adjust	marginal	adjust marginal albumin
1	alcohol_ever_female_postmenopause	5	alcohol_drinks_monthly_combination_log	1	linear	oestradiol_imputation;testosterone_imputation;steroid_globulin_imputation;albumin_imputation	10	10	unadjust	joint	unadjust joint
1	alcohol_ever_female_postmenopause	5	alcohol_drinks_monthly_combination_log	1	linear	oestradiol_imputation	11	11	unadjust	marginal	marginal unadjust oestradiol
1	alcohol_ever_female_postmenopause	5	alcohol_drinks_monthly_combination_log	1	linear	oestradiol_bioavailable_imputation	12	12	unadjust	marginal	unadjust marginal oestradiol bioavailable
1	alcohol_ever_female_postmenopause	5	alcohol_drinks_monthly_combination_log	1	linear	oestradiol_free_imputation	13	13	unadjust	marginal	unadjust marginal oestradiol free
1	alcohol_ever_female_postmenopause	5	alcohol_drinks_monthly_combination_log	1	linear	testosterone_imputation	14	14	unadjust	marginal	unadjust marginal testosterone
1	alcohol_ever_female_postmenopause	5	alcohol_drinks_monthly_combination_log	1	linear	testosterone_bioavailable_imputation	15	15	unadjust	marginal	unadjust marginal testosterone bioavailable
1	alcohol_ever_female_postmenopause	5	alcohol_drinks_monthly_combination_log	1	linear	testosterone_free_imputation	16	16	unadjust	marginal	unadjust marginal testosterone free
1	alcohol_ever_female_postmenopause	5	alcohol_drinks_monthly_combination_log	1	linear	steroid_globulin_imputation	17	17	unadjust	marginal	unadjust marginal steroid globulin
1	alcohol_ever_female_postmenopause	5	alcohol_drinks_monthly_combination_log	1	linear	albumin_imputation	18	18	unadjust	marginal	unadjust marginal albumin
1	alcohol_ever_male	6	alcohol_drinks_monthly_combination_log	1	linear	age;body;region;season;alteration_sex_hormone;oestradiol_imputation;testosterone_imputation;steroid_globulin_imputation;albumin_imputation	1	1	adjust	joint	adjust joint
1	alcohol_ever_male	6	alcohol_drinks_monthly_combination_log	1	linear	age;body;region;season;alteration_sex_hormone;oestradiol_imputation	2	2	adjust	marginal	adjust marginal oestradiol
1	alcohol_ever_male	6	alcohol_drinks_monthly_combination_log	1	linear	age;body;region;season;alteration_sex_hormone;oestradiol_bioavailable_imputation	3	3	adjust	marginal	adjust marginal oestradiol bioavailable
1	alcohol_ever_male	6	alcohol_drinks_monthly_combination_log	1	linear	age;body;region;season;alteration_sex_hormone;oestradiol_free_imputation	4	4	adjust	marginal	adjust marginal oestradiol free
1	alcohol_ever_male	6	alcohol_drinks_monthly_combination_log	1	linear	age;body;region;season;alteration_sex_hormone;testosterone_imputation	5	5	adjust	marginal	adjust marginal testosterone
1	alcohol_ever_male	6	alcohol_drinks_monthly_combination_log	1	linear	age;body;region;season;alteration_sex_hormone;testosterone_bioavailable_imputation	6	6	adjust	marginal	adjust marginal testosterone bioavailable
1	alcohol_ever_male	6	alcohol_drinks_monthly_combination_log	1	linear	age;body;region;season;alteration_sex_hormone;testosterone_free_imputation	7	7	adjust	marginal	adjust marginal testosterone free
1	alcohol_ever_male	6	alcohol_drinks_monthly_combination_log	1	linear	age;body;region;season;alteration_sex_hormone;steroid_globulin_imputation	8	8	adjust	marginal	adjust marginal steroid globulin
1	alcohol_ever_male	6	alcohol_drinks_monthly_combination_log	1	linear	age;body;region;season;alteration_sex_hormone;albumin_imputation	9	9	adjust	marginal	adjust marginal albumin
1	alcohol_ever_male	6	alcohol_drinks_monthly_combination_log	1	linear	oestradiol_imputation;testosterone_imputation;steroid_globulin_imputation;albumin_imputation	10	10	unadjust	joint	unadjust joint
1	alcohol_ever_male	6	alcohol_drinks_monthly_combination_log	1	linear	oestradiol_imputation	11	11	unadjust	marginal	marginal unadjust oestradiol
1	alcohol_ever_male	6	alcohol_drinks_monthly_combination_log	1	linear	oestradiol_bioavailable_imputation	12	12	unadjust	marginal	unadjust marginal oestradiol bioavailable
1	alcohol_ever_male	6	alcohol_drinks_monthly_combination_log	1	linear	oestradiol_free_imputation	13	13	unadjust	marginal	unadjust marginal oestradiol free
1	alcohol_ever_male	6	alcohol_drinks_monthly_combination_log	1	linear	testosterone_imputation	14	14	unadjust	marginal	unadjust marginal testosterone
1	alcohol_ever_male	6	alcohol_drinks_monthly_combination_log	1	linear	testosterone_bioavailable_imputation	15	15	unadjust	marginal	unadjust marginal testosterone bioavailable
1	alcohol_ever_male	6	alcohol_drinks_monthly_combination_log	1	linear	testosterone_free_imputation	16	16	unadjust	marginal	unadjust marginal testosterone free
1	alcohol_ever_male	6	alcohol_drinks_monthly_combination_log	1	linear	steroid_globulin_imputation	17	17	unadjust	marginal	unadjust marginal steroid globulin
1	alcohol_ever_male	6	alcohol_drinks_monthly_combination_log	1	linear	albumin_imputation	18	18	unadjust	marginal	unadjust marginal albumin
1	alcohol_ever_male_age_low	7	alcohol_drinks_monthly_combination_log	1	linear	age;body;region;season;alteration_sex_hormone;oestradiol_imputation;testosterone_imputation;steroid_globulin_imputation;albumin_imputation	1	1	adjust	joint	adjust joint
1	alcohol_ever_male_age_low	7	alcohol_drinks_monthly_combination_log	1	linear	age;body;region;season;alteration_sex_hormone;oestradiol_imputation	2	2	adjust	marginal	adjust marginal oestradiol
1	alcohol_ever_male_age_low	7	alcohol_drinks_monthly_combination_log	1	linear	age;body;region;season;alteration_sex_hormone;oestradiol_bioavailable_imputation	3	3	adjust	marginal	adjust marginal oestradiol bioavailable
1	alcohol_ever_male_age_low	7	alcohol_drinks_monthly_combination_log	1	linear	age;body;region;season;alteration_sex_hormone;oestradiol_free_imputation	4	4	adjust	marginal	adjust marginal oestradiol free
1	alcohol_ever_male_age_low	7	alcohol_drinks_monthly_combination_log	1	linear	age;body;region;season;alteration_sex_hormone;testosterone_imputation	5	5	adjust	marginal	adjust marginal testosterone
1	alcohol_ever_male_age_low	7	alcohol_drinks_monthly_combination_log	1	linear	age;body;region;season;alteration_sex_hormone;testosterone_bioavailable_imputation	6	6	adjust	marginal	adjust marginal testosterone bioavailable
1	alcohol_ever_male_age_low	7	alcohol_drinks_monthly_combination_log	1	linear	age;body;region;season;alteration_sex_hormone;testosterone_free_imputation	7	7	adjust	marginal	adjust marginal testosterone free
1	alcohol_ever_male_age_low	7	alcohol_drinks_monthly_combination_log	1	linear	age;body;region;season;alteration_sex_hormone;steroid_globulin_imputation	8	8	adjust	marginal	adjust marginal steroid globulin
1	alcohol_ever_male_age_low	7	alcohol_drinks_monthly_combination_log	1	linear	age;body;region;season;alteration_sex_hormone;albumin_imputation	9	9	adjust	marginal	adjust marginal albumin
1	alcohol_ever_male_age_low	7	alcohol_drinks_monthly_combination_log	1	linear	oestradiol_imputation;testosterone_imputation;steroid_globulin_imputation;albumin_imputation	10	10	unadjust	joint	unadjust joint
1	alcohol_ever_male_age_low	7	alcohol_drinks_monthly_combination_log	1	linear	oestradiol_imputation	11	11	unadjust	marginal	marginal unadjust oestradiol
1	alcohol_ever_male_age_low	7	alcohol_drinks_monthly_combination_log	1	linear	oestradiol_bioavailable_imputation	12	12	unadjust	marginal	unadjust marginal oestradiol bioavailable
1	alcohol_ever_male_age_low	7	alcohol_drinks_monthly_combination_log	1	linear	oestradiol_free_imputation	13	13	unadjust	marginal	unadjust marginal oestradiol free
1	alcohol_ever_male_age_low	7	alcohol_drinks_monthly_combination_log	1	linear	testosterone_imputation	14	14	unadjust	marginal	unadjust marginal testosterone
1	alcohol_ever_male_age_low	7	alcohol_drinks_monthly_combination_log	1	linear	testosterone_bioavailable_imputation	15	15	unadjust	marginal	unadjust marginal testosterone bioavailable
1	alcohol_ever_male_age_low	7	alcohol_drinks_monthly_combination_log	1	linear	testosterone_free_imputation	16	16	unadjust	marginal	unadjust marginal testosterone free
1	alcohol_ever_male_age_low	7	alcohol_drinks_monthly_combination_log	1	linear	steroid_globulin_imputation	17	17	unadjust	marginal	unadjust marginal steroid globulin
1	alcohol_ever_male_age_low	7	alcohol_drinks_monthly_combination_log	1	linear	albumin_imputation	18	18	unadjust	marginal	unadjust marginal albumin
1	alcohol_ever_male_age_middle	8	alcohol_drinks_monthly_combination_log	1	linear	age;body;region;season;alteration_sex_hormone;oestradiol_imputation;testosterone_imputation;steroid_globulin_imputation;albumin_imputation	1	1	adjust	joint	adjust joint
1	alcohol_ever_male_age_middle	8	alcohol_drinks_monthly_combination_log	1	linear	age;body;region;season;alteration_sex_hormone;oestradiol_imputation	2	2	adjust	marginal	adjust marginal oestradiol
1	alcohol_ever_male_age_middle	8	alcohol_drinks_monthly_combination_log	1	linear	age;body;region;season;alteration_sex_hormone;oestradiol_bioavailable_imputation	3	3	adjust	marginal	adjust marginal oestradiol bioavailable
1	alcohol_ever_male_age_middle	8	alcohol_drinks_monthly_combination_log	1	linear	age;body;region;season;alteration_sex_hormone;oestradiol_free_imputation	4	4	adjust	marginal	adjust marginal oestradiol free
1	alcohol_ever_male_age_middle	8	alcohol_drinks_monthly_combination_log	1	linear	age;body;region;season;alteration_sex_hormone;testosterone_imputation	5	5	adjust	marginal	adjust marginal testosterone
1	alcohol_ever_male_age_middle	8	alcohol_drinks_monthly_combination_log	1	linear	age;body;region;season;alteration_sex_hormone;testosterone_bioavailable_imputation	6	6	adjust	marginal	adjust marginal testosterone bioavailable
1	alcohol_ever_male_age_middle	8	alcohol_drinks_monthly_combination_log	1	linear	age;body;region;season;alteration_sex_hormone;testosterone_free_imputation	7	7	adjust	marginal	adjust marginal testosterone free
1	alcohol_ever_male_age_middle	8	alcohol_drinks_monthly_combination_log	1	linear	age;body;region;season;alteration_sex_hormone;steroid_globulin_imputation	8	8	adjust	marginal	adjust marginal steroid globulin
1	alcohol_ever_male_age_middle	8	alcohol_drinks_monthly_combination_log	1	linear	age;body;region;season;alteration_sex_hormone;albumin_imputation	9	9	adjust	marginal	adjust marginal albumin
1	alcohol_ever_male_age_middle	8	alcohol_drinks_monthly_combination_log	1	linear	oestradiol_imputation;testosterone_imputation;steroid_globulin_imputation;albumin_imputation	10	10	unadjust	joint	unadjust joint
1	alcohol_ever_male_age_middle	8	alcohol_drinks_monthly_combination_log	1	linear	oestradiol_imputation	11	11	unadjust	marginal	marginal unadjust oestradiol
1	alcohol_ever_male_age_middle	8	alcohol_drinks_monthly_combination_log	1	linear	oestradiol_bioavailable_imputation	12	12	unadjust	marginal	unadjust marginal oestradiol bioavailable
1	alcohol_ever_male_age_middle	8	alcohol_drinks_monthly_combination_log	1	linear	oestradiol_free_imputation	13	13	unadjust	marginal	unadjust marginal oestradiol free
1	alcohol_ever_male_age_middle	8	alcohol_drinks_monthly_combination_log	1	linear	testosterone_imputation	14	14	unadjust	marginal	unadjust marginal testosterone
1	alcohol_ever_male_age_middle	8	alcohol_drinks_monthly_combination_log	1	linear	testosterone_bioavailable_imputation	15	15	unadjust	marginal	unadjust marginal testosterone bioavailable
1	alcohol_ever_male_age_middle	8	alcohol_drinks_monthly_combination_log	1	linear	testosterone_free_imputation	16	16	unadjust	marginal	unadjust marginal testosterone free
1	alcohol_ever_male_age_middle	8	alcohol_drinks_monthly_combination_log	1	linear	steroid_globulin_imputation	17	17	unadjust	marginal	unadjust marginal steroid globulin
1	alcohol_ever_male_age_middle	8	alcohol_drinks_monthly_combination_log	1	linear	albumin_imputation	18	18	unadjust	marginal	unadjust marginal albumin
1	alcohol_ever_male_age_high	9	alcohol_drinks_monthly_combination_log	1	linear	age;body;region;season;alteration_sex_hormone;oestradiol_imputation;testosterone_imputation;steroid_globulin_imputation;albumin_imputation	1	1	adjust	joint	adjust joint
1	alcohol_ever_male_age_high	9	alcohol_drinks_monthly_combination_log	1	linear	age;body;region;season;alteration_sex_hormone;oestradiol_imputation	2	2	adjust	marginal	adjust marginal oestradiol
1	alcohol_ever_male_age_high	9	alcohol_drinks_monthly_combination_log	1	linear	age;body;region;season;alteration_sex_hormone;oestradiol_bioavailable_imputation	3	3	adjust	marginal	adjust marginal oestradiol bioavailable
1	alcohol_ever_male_age_high	9	alcohol_drinks_monthly_combination_log	1	linear	age;body;region;season;alteration_sex_hormone;oestradiol_free_imputation	4	4	adjust	marginal	adjust marginal oestradiol free
1	alcohol_ever_male_age_high	9	alcohol_drinks_monthly_combination_log	1	linear	age;body;region;season;alteration_sex_hormone;testosterone_imputation	5	5	adjust	marginal	adjust marginal testosterone
1	alcohol_ever_male_age_high	9	alcohol_drinks_monthly_combination_log	1	linear	age;body;region;season;alteration_sex_hormone;testosterone_bioavailable_imputation	6	6	adjust	marginal	adjust marginal testosterone bioavailable
1	alcohol_ever_male_age_high	9	alcohol_drinks_monthly_combination_log	1	linear	age;body;region;season;alteration_sex_hormone;testosterone_free_imputation	7	7	adjust	marginal	adjust marginal testosterone free
1	alcohol_ever_male_age_high	9	alcohol_drinks_monthly_combination_log	1	linear	age;body;region;season;alteration_sex_hormone;steroid_globulin_imputation	8	8	adjust	marginal	adjust marginal steroid globulin
1	alcohol_ever_male_age_high	9	alcohol_drinks_monthly_combination_log	1	linear	age;body;region;season;alteration_sex_hormone;albumin_imputation	9	9	adjust	marginal	adjust marginal albumin
1	alcohol_ever_male_age_high	9	alcohol_drinks_monthly_combination_log	1	linear	oestradiol_imputation;testosterone_imputation;steroid_globulin_imputation;albumin_imputation	10	10	unadjust	joint	unadjust joint
1	alcohol_ever_male_age_high	9	alcohol_drinks_monthly_combination_log	1	linear	oestradiol_imputation	11	11	unadjust	marginal	marginal unadjust oestradiol
1	alcohol_ever_male_age_high	9	alcohol_drinks_monthly_combination_log	1	linear	oestradiol_bioavailable_imputation	12	12	unadjust	marginal	unadjust marginal oestradiol bioavailable
1	alcohol_ever_male_age_high	9	alcohol_drinks_monthly_combination_log	1	linear	oestradiol_free_imputation	13	13	unadjust	marginal	unadjust marginal oestradiol free
1	alcohol_ever_male_age_high	9	alcohol_drinks_monthly_combination_log	1	linear	testosterone_imputation	14	14	unadjust	marginal	unadjust marginal testosterone
1	alcohol_ever_male_age_high	9	alcohol_drinks_monthly_combination_log	1	linear	testosterone_bioavailable_imputation	15	15	unadjust	marginal	unadjust marginal testosterone bioavailable
1	alcohol_ever_male_age_high	9	alcohol_drinks_monthly_combination_log	1	linear	testosterone_free_imputation	16	16	unadjust	marginal	unadjust marginal testosterone free
1	alcohol_ever_male_age_high	9	alcohol_drinks_monthly_combination_log	1	linear	steroid_globulin_imputation	17	17	unadjust	marginal	unadjust marginal steroid globulin
1	alcohol_ever_male_age_high	9	alcohol_drinks_monthly_combination_log	1	linear	albumin_imputation	18	18	unadjust	marginal	unadjust marginal albumin
