phenotype_primary	design	study_primary	study_secondary	summary_error	summary_interval	variants	correlation	standard_error	interval_95	confidence_95_range	probability	confidence_95_low	confidence_95_high	confidence_95_not_one	confidence_95_not_zero	correlation_absolute	cohort	model	phenotype_secondary	interval_99	dependence_type	model_context	model_adjustment	variable
alcohol_quantity_no_ukb	primaries_against_34255042_schmitz_2021	30643251_liu_2019_alcohol_no_ukb	34255042_schmitz_2021_female	-0.1131 (0.1173)	(rg: -0.1131; 95% CI: -0.343 ... 0.1168)	919928.0	-0.1131	0.1173	0.229908	-0.343 ... 0.1168	0.3348	-0.343008	0.116808	1.0	0.0	0.1131	female	nan	nan	0.3021648	linear	joint	adjust	nan
alcohol_quantity_no_ukb	primaries_against_34255042_schmitz_2021	30643251_liu_2019_alcohol_no_ukb	34255042_schmitz_2021_male	-0.0096 (0.0646)	(rg: -0.0096; 95% CI: -0.1362 ... 0.117)	919928.0	-0.0096	0.0646	0.126616	-0.1362 ... 0.117	0.8822	-0.136216	0.117016	1.0	0.0	0.0096	male	nan	nan	0.16640960000000002	linear	joint	adjust	nan
alcohol_quantity_no_ukb	primaries_against_albumin_linear	30643251_liu_2019_alcohol_no_ukb	female_joint_1_albumin_imputation	0.0829 (0.0364)	(rg: 0.0829; 95% CI: 0.0116 ... 0.1542)	1172907.0	0.0829	0.0364	0.071344	0.0116 ... 0.1542	0.0227	0.0115559999999999	0.154244	1.0	1.0	0.0829	female	joint_1	albumin_imputation	0.09376640000000001	linear	joint	adjust	albumin_imputation
alcohol_quantity_no_ukb	primaries_against_albumin_linear	30643251_liu_2019_alcohol_no_ukb	female_male_priority_male_joint_1_albumin_imputation	0.0646 (0.0328)	(rg: 0.0646; 95% CI: 0.0003 ... 0.1289)	1172907.0	0.0646	0.0328	0.064288	0.0003 ... 0.1289	0.0493	0.000312	0.128888	1.0	1.0	0.0646	female_male	joint_1	albumin_imputation	0.0844928	linear	joint	adjust	albumin_imputation
alcohol_quantity_no_ukb	primaries_against_albumin_linear	30643251_liu_2019_alcohol_no_ukb	female_male_priority_male_unadjust_albumin_imputation	0.0745 (0.0343)	(rg: 0.0745; 95% CI: 0.0073 ... 0.1417)	1172907.0	0.0745	0.0343	0.067228	0.0073 ... 0.1417	0.0297	0.007272	0.141728	1.0	1.0	0.0745	female_male	unadjust	albumin_imputation	0.0883568	linear	joint	unadjust	albumin_imputation
alcohol_quantity_no_ukb	primaries_against_albumin_linear	30643251_liu_2019_alcohol_no_ukb	female_menstruation_regular_joint_1_albumin_imputation	-0.0101 (0.0673)	(rg: -0.0101; 95% CI: -0.142 ... 0.1218)	1172907.0	-0.0101	0.0673	0.131908	-0.142 ... 0.1218	0.881	-0.142008	0.121808	1.0	0.0	0.0101	female_menstruation_regular	joint_1	albumin_imputation	0.1733648	linear	joint	adjust	albumin_imputation
alcohol_quantity_no_ukb	primaries_against_albumin_linear	30643251_liu_2019_alcohol_no_ukb	female_menstruation_regular_unadjust_albumin_imputation	0.0715 (0.0666)	(rg: 0.0715; 95% CI: -0.059 ... 0.202)	1172907.0	0.0715	0.0666	0.130536	-0.059 ... 0.202	0.283	-0.059036	0.202036	1.0	0.0	0.0715	female_menstruation_regular	unadjust	albumin_imputation	0.1715616	linear	joint	unadjust	albumin_imputation
alcohol_quantity_no_ukb	primaries_against_albumin_linear	30643251_liu_2019_alcohol_no_ukb	female_perimenopause_joint_1_albumin_imputation	-0.0184 (0.0725)	(rg: -0.0184; 95% CI: -0.1605 ... 0.1237)	1172907.0	-0.0184	0.0725	0.1420999999999999	-0.1605 ... 0.1237	0.7998	-0.1604999999999999	0.1236999999999999	1.0	0.0	0.0184	female_perimenopause	joint_1	albumin_imputation	0.18675999999999998	linear	joint	adjust	albumin_imputation
alcohol_quantity_no_ukb	primaries_against_albumin_linear	30643251_liu_2019_alcohol_no_ukb	female_perimenopause_unadjust_albumin_imputation	0.0351 (0.0727)	(rg: 0.0351; 95% CI: -0.1074 ... 0.1776)	1172907.0	0.0351	0.0727	0.142492	-0.1074 ... 0.1776	0.6289	-0.107392	0.177592	1.0	0.0	0.0351	female_perimenopause	unadjust	albumin_imputation	0.1872752	linear	joint	unadjust	albumin_imputation
alcohol_quantity_no_ukb	primaries_against_albumin_linear	30643251_liu_2019_alcohol_no_ukb	female_postmenopause_joint_1_albumin_imputation	0.0879 (0.0401)	(rg: 0.0879; 95% CI: 0.0093 ... 0.1665)	1172907.0	0.0879	0.0401	0.0785959999999999	0.0093 ... 0.1665	0.0284	0.009304	0.1664959999999999	1.0	1.0	0.0879	female_postmenopause	joint_1	albumin_imputation	0.10329759999999999	linear	joint	adjust	albumin_imputation
alcohol_quantity_no_ukb	primaries_against_albumin_linear	30643251_liu_2019_alcohol_no_ukb	female_postmenopause_unadjust_albumin_imputation	0.1176 (0.0412)	(rg: 0.1176; 95% CI: 0.0368 ... 0.1984)	1172907.0	0.1176	0.0412	0.080752	0.0368 ... 0.1984	0.0043	0.0368479999999999	0.198352	1.0	1.0	0.1176	female_postmenopause	unadjust	albumin_imputation	0.10613120000000001	linear	joint	unadjust	albumin_imputation
alcohol_quantity_no_ukb	primaries_against_albumin_linear	30643251_liu_2019_alcohol_no_ukb	female_premenopause_joint_1_albumin_imputation	0.0183 (0.0792)	(rg: 0.0183; 95% CI: -0.1369 ... 0.1735)	1172907.0	0.0183	0.0792	0.155232	-0.1369 ... 0.1735	0.8176	-0.136932	0.173532	1.0	0.0	0.0183	female_premenopause	joint_1	albumin_imputation	0.2040192	linear	joint	adjust	albumin_imputation
alcohol_quantity_no_ukb	primaries_against_albumin_linear	30643251_liu_2019_alcohol_no_ukb	female_premenopause_unadjust_albumin_imputation	0.1474 (0.0789)	(rg: 0.1474; 95% CI: -0.0072 ... 0.302)	1172907.0	0.1474	0.0789	0.154644	-0.0072 ... 0.302	0.0617	-0.007244	0.302044	1.0	0.0	0.1474	female_premenopause	unadjust	albumin_imputation	0.2032464	linear	joint	unadjust	albumin_imputation
alcohol_quantity_no_ukb	primaries_against_albumin_linear	30643251_liu_2019_alcohol_no_ukb	female_unadjust_albumin_imputation	0.1151 (0.0376)	(rg: 0.1151; 95% CI: 0.0414 ... 0.1888)	1172907.0	0.1151	0.0376	0.073696	0.0414 ... 0.1888	0.0022	0.0414039999999999	0.188796	1.0	1.0	0.1151	female	unadjust	albumin_imputation	0.0968576	linear	joint	unadjust	albumin_imputation
alcohol_quantity_no_ukb	primaries_against_albumin_linear	30643251_liu_2019_alcohol_no_ukb	male_age_high_joint_1_albumin_imputation	0.0248 (0.0587)	(rg: 0.0248; 95% CI: -0.0903 ... 0.1399)	1172907.0	0.0248	0.0587	0.115052	-0.0903 ... 0.1399	0.673	-0.090252	0.139852	1.0	0.0	0.0248	male_age_high	joint_1	albumin_imputation	0.15121120000000002	linear	joint	adjust	albumin_imputation
alcohol_quantity_no_ukb	primaries_against_albumin_linear	30643251_liu_2019_alcohol_no_ukb	male_age_high_unadjust_albumin_imputation	0.016 (0.0597)	(rg: 0.016; 95% CI: -0.101 ... 0.133)	1172907.0	0.016	0.0597	0.117012	-0.101 ... 0.133	0.788	-0.101012	0.133012	1.0	0.0	0.016	male_age_high	unadjust	albumin_imputation	0.1537872	linear	joint	unadjust	albumin_imputation
alcohol_quantity_no_ukb	primaries_against_albumin_linear	30643251_liu_2019_alcohol_no_ukb	male_age_low_joint_1_albumin_imputation	-0.0037 (0.0549)	(rg: -0.0037; 95% CI: -0.1113 ... 0.1039)	1172907.0	-0.0037	0.0549	0.1076039999999999	-0.1113 ... 0.1039	0.9462	-0.1113039999999999	0.103904	1.0	0.0	0.0037	male_age_low	joint_1	albumin_imputation	0.1414224	linear	joint	adjust	albumin_imputation
alcohol_quantity_no_ukb	primaries_against_albumin_linear	30643251_liu_2019_alcohol_no_ukb	male_age_low_unadjust_albumin_imputation	0.0031 (0.0573)	(rg: 0.0031; 95% CI: -0.1092 ... 0.1154)	1172907.0	0.0031	0.0573	0.1123079999999999	-0.1092 ... 0.1154	0.9572	-0.1092079999999999	0.115408	1.0	0.0	0.0031	male_age_low	unadjust	albumin_imputation	0.1476048	linear	joint	unadjust	albumin_imputation
alcohol_quantity_no_ukb	primaries_against_albumin_linear	30643251_liu_2019_alcohol_no_ukb	male_age_middle_joint_1_albumin_imputation	0.0367 (0.0525)	(rg: 0.0367; 95% CI: -0.0662 ... 0.1396)	1172907.0	0.0367	0.0525	0.1028999999999999	-0.0662 ... 0.1396	0.484	-0.0661999999999999	0.1396	1.0	0.0	0.0367	male_age_middle	joint_1	albumin_imputation	0.13524	linear	joint	adjust	albumin_imputation
alcohol_quantity_no_ukb	primaries_against_albumin_linear	30643251_liu_2019_alcohol_no_ukb	male_age_middle_unadjust_albumin_imputation	0.0545 (0.054)	(rg: 0.0545; 95% CI: -0.0513 ... 0.1603)	1172907.0	0.0545	0.054	0.10584	-0.0513 ... 0.1603	0.3125	-0.05134	0.16034	1.0	0.0	0.0545	male_age_middle	unadjust	albumin_imputation	0.139104	linear	joint	unadjust	albumin_imputation
alcohol_quantity_no_ukb	primaries_against_albumin_linear	30643251_liu_2019_alcohol_no_ukb	male_joint_1_albumin_imputation	0.0265 (0.0402)	(rg: 0.0265; 95% CI: -0.0523 ... 0.1053)	1172907.0	0.0265	0.0402	0.078792	-0.0523 ... 0.1053	0.5096	-0.052292	0.105292	1.0	0.0	0.0265	male	joint_1	albumin_imputation	0.1035552	linear	joint	adjust	albumin_imputation
alcohol_quantity_no_ukb	primaries_against_albumin_linear	30643251_liu_2019_alcohol_no_ukb	male_unadjust_albumin_imputation	0.0273 (0.0416)	(rg: 0.0273; 95% CI: -0.0542 ... 0.1088)	1172907.0	0.0273	0.0416	0.081536	-0.0542 ... 0.1088	0.5123	-0.0542359999999999	0.108836	1.0	0.0	0.0273	male	unadjust	albumin_imputation	0.1071616	linear	joint	unadjust	albumin_imputation
alcohol_quantity_no_ukb	primaries_against_oestradiol_free_linear	30643251_liu_2019_alcohol_no_ukb	female_joint_1_oestradiol_free_imputation_log	-0.0367 (0.0861)	(rg: -0.0367; 95% CI: -0.2055 ... 0.1321)	1172907.0	-0.0367	0.0861	0.168756	-0.2055 ... 0.1321	0.67	-0.205456	0.1320559999999999	1.0	0.0	0.0367	female	joint_1	oestradiol_free_imputation_log	0.2217936	linear	joint	adjust	oestradiol_free_imputation_log
alcohol_quantity_no_ukb	primaries_against_oestradiol_free_linear	30643251_liu_2019_alcohol_no_ukb	female_menstruation_regular_joint_1_oestradiol_free_imputation_log	-0.2802 (0.3066)	(rg: -0.2802; 95% CI: -0.8811 ... 0.3207)	1172907.0	-0.2802	0.3066	0.6009359999999999	-0.8811 ... 0.3207	0.3608	-0.8811359999999999	0.3207359999999999	1.0	0.0	0.2802	female_menstruation_regular	joint_1	oestradiol_free_imputation_log	0.7898016	linear	joint	adjust	oestradiol_free_imputation_log
alcohol_quantity_no_ukb	primaries_against_oestradiol_free_linear	30643251_liu_2019_alcohol_no_ukb	female_menstruation_regular_unadjust_oestradiol_free_imputation_log	-0.2091 (0.2381)	(rg: -0.2091; 95% CI: -0.6758 ... 0.2576)	1172907.0	-0.2091	0.2381	0.466676	-0.6758 ... 0.2576	0.3799	-0.6757759999999999	0.2575759999999999	1.0	0.0	0.2091	female_menstruation_regular	unadjust	oestradiol_free_imputation_log	0.6133456	linear	joint	unadjust	oestradiol_free_imputation_log
alcohol_quantity_no_ukb	primaries_against_oestradiol_free_linear	30643251_liu_2019_alcohol_no_ukb	female_perimenopause_joint_1_oestradiol_free_imputation_log	0.0804 (0.1128)	(rg: 0.0804; 95% CI: -0.1407 ... 0.3015)	1172907.0	0.0804	0.1128	0.2210879999999999	-0.1407 ... 0.3015	0.476	-0.1406879999999999	0.301488	1.0	0.0	0.0804	female_perimenopause	joint_1	oestradiol_free_imputation_log	0.2905728	linear	joint	adjust	oestradiol_free_imputation_log
alcohol_quantity_no_ukb	primaries_against_oestradiol_free_linear	30643251_liu_2019_alcohol_no_ukb	female_perimenopause_unadjust_oestradiol_free_imputation_log	0.0877 (0.1088)	(rg: 0.0877; 95% CI: -0.1255 ... 0.3009)	1172907.0	0.0877	0.1088	0.213248	-0.1255 ... 0.3009	0.4202	-0.125548	0.300948	1.0	0.0	0.0877	female_perimenopause	unadjust	oestradiol_free_imputation_log	0.2802688	linear	joint	unadjust	oestradiol_free_imputation_log
alcohol_quantity_no_ukb	primaries_against_oestradiol_free_linear	30643251_liu_2019_alcohol_no_ukb	female_postmenopause_joint_1_oestradiol_free_imputation_log	-0.0759 (0.0564)	(rg: -0.0759; 95% CI: -0.1864 ... 0.0346)	1172907.0	-0.0759	0.0564	0.1105439999999999	-0.1864 ... 0.0346	0.1787	-0.186444	0.0346439999999999	1.0	0.0	0.0759	female_postmenopause	joint_1	oestradiol_free_imputation_log	0.1452864	linear	joint	adjust	oestradiol_free_imputation_log
alcohol_quantity_no_ukb	primaries_against_oestradiol_free_linear	30643251_liu_2019_alcohol_no_ukb	female_postmenopause_unadjust_oestradiol_free_imputation_log	-0.1245 (0.0533)	(rg: -0.1245; 95% CI: -0.229 ... -0.02)	1172907.0	-0.1245	0.0533	0.104468	-0.229 ... -0.02	0.0194	-0.228968	-0.0200319999999999	1.0	1.0	0.1245	female_postmenopause	unadjust	oestradiol_free_imputation_log	0.1373008	linear	joint	unadjust	oestradiol_free_imputation_log
alcohol_quantity_no_ukb	primaries_against_oestradiol_free_linear	30643251_liu_2019_alcohol_no_ukb	female_premenopause_joint_1_oestradiol_free_imputation_log	-0.2392 (0.2265)	(rg: -0.2392; 95% CI: -0.6831 ... 0.2047)	1172907.0	-0.2392	0.2265	0.44394	-0.6831 ... 0.2047	0.2909	-0.68314	0.20474	1.0	0.0	0.2392	female_premenopause	joint_1	oestradiol_free_imputation_log	0.583464	linear	joint	adjust	oestradiol_free_imputation_log
alcohol_quantity_no_ukb	primaries_against_oestradiol_free_linear	30643251_liu_2019_alcohol_no_ukb	female_premenopause_unadjust_oestradiol_free_imputation_log	-0.1957 (0.2116)	(rg: -0.1957; 95% CI: -0.6104 ... 0.219)	1172907.0	-0.1957	0.2116	0.414736	-0.6104 ... 0.219	0.3549	-0.610436	0.2190359999999999	1.0	0.0	0.1957	female_premenopause	unadjust	oestradiol_free_imputation_log	0.5450816	linear	joint	unadjust	oestradiol_free_imputation_log
alcohol_quantity_no_ukb	primaries_against_oestradiol_free_linear	30643251_liu_2019_alcohol_no_ukb	female_unadjust_oestradiol_free_imputation_log	-0.1503 (0.0766)	(rg: -0.1503; 95% CI: -0.3004 ... -0.0002)	1172907.0	-0.1503	0.0766	0.150136	-0.3004 ... -0.0002	0.0497	-0.300436	-0.0001639999999999	1.0	1.0	0.1503	female	unadjust	oestradiol_free_imputation_log	0.1973216	linear	joint	unadjust	oestradiol_free_imputation_log
alcohol_quantity_no_ukb	primaries_against_oestradiol_free_linear	30643251_liu_2019_alcohol_no_ukb	male_age_high_joint_1_oestradiol_free_imputation_log	-0.1007 (0.0909)	(rg: -0.1007; 95% CI: -0.2789 ... 0.0775)	1172907.0	-0.1007	0.0909	0.178164	-0.2789 ... 0.0775	0.2676	-0.278864	0.0774639999999999	1.0	0.0	0.1007	male_age_high	joint_1	oestradiol_free_imputation_log	0.2341584	linear	joint	adjust	oestradiol_free_imputation_log
alcohol_quantity_no_ukb	primaries_against_oestradiol_free_linear	30643251_liu_2019_alcohol_no_ukb	male_age_high_unadjust_oestradiol_free_imputation_log	-0.081 (0.0849)	(rg: -0.081; 95% CI: -0.2474 ... 0.0854)	1172907.0	-0.081	0.0849	0.166404	-0.2474 ... 0.0854	0.3405	-0.247404	0.085404	1.0	0.0	0.081	male_age_high	unadjust	oestradiol_free_imputation_log	0.21870240000000002	linear	joint	unadjust	oestradiol_free_imputation_log
alcohol_quantity_no_ukb	primaries_against_oestradiol_free_linear	30643251_liu_2019_alcohol_no_ukb	male_age_low_joint_1_oestradiol_free_imputation_log	-0.006 (0.1027)	(rg: -0.006; 95% CI: -0.2073 ... 0.1953)	1172907.0	-0.006	0.1027	0.201292	-0.2073 ... 0.1953	0.9532	-0.207292	0.195292	1.0	0.0	0.006	male_age_low	joint_1	oestradiol_free_imputation_log	0.2645552	linear	joint	adjust	oestradiol_free_imputation_log
alcohol_quantity_no_ukb	primaries_against_oestradiol_free_linear	30643251_liu_2019_alcohol_no_ukb	male_age_low_unadjust_oestradiol_free_imputation_log	-0.0461 (0.0949)	(rg: -0.0461; 95% CI: -0.2321 ... 0.1399)	1172907.0	-0.0461	0.0949	0.186004	-0.2321 ... 0.1399	0.6273	-0.232104	0.139904	1.0	0.0	0.0461	male_age_low	unadjust	oestradiol_free_imputation_log	0.2444624	linear	joint	unadjust	oestradiol_free_imputation_log
alcohol_quantity_no_ukb	primaries_against_oestradiol_free_linear	30643251_liu_2019_alcohol_no_ukb	male_age_middle_joint_1_oestradiol_free_imputation_log	-0.0149 (0.0865)	(rg: -0.0149; 95% CI: -0.1844 ... 0.1546)	1172907.0	-0.0149	0.0865	0.16954	-0.1844 ... 0.1546	0.8628	-0.18444	0.15464	1.0	0.0	0.0149	male_age_middle	joint_1	oestradiol_free_imputation_log	0.222824	linear	joint	adjust	oestradiol_free_imputation_log
alcohol_quantity_no_ukb	primaries_against_oestradiol_free_linear	30643251_liu_2019_alcohol_no_ukb	male_age_middle_unadjust_oestradiol_free_imputation_log	-0.0467 (0.0785)	(rg: -0.0467; 95% CI: -0.2006 ... 0.1072)	1172907.0	-0.0467	0.0785	0.15386	-0.2006 ... 0.1072	0.5516	-0.20056	0.10716	1.0	0.0	0.0467	male_age_middle	unadjust	oestradiol_free_imputation_log	0.202216	linear	joint	unadjust	oestradiol_free_imputation_log
alcohol_quantity_no_ukb	primaries_against_oestradiol_free_linear	30643251_liu_2019_alcohol_no_ukb	male_joint_1_oestradiol_free_imputation_log	-0.037 (0.0533)	(rg: -0.037; 95% CI: -0.1415 ... 0.0675)	1172907.0	-0.037	0.0533	0.104468	-0.1415 ... 0.0675	0.4874	-0.141468	0.067468	1.0	0.0	0.037	male	joint_1	oestradiol_free_imputation_log	0.1373008	linear	joint	adjust	oestradiol_free_imputation_log
alcohol_quantity_no_ukb	primaries_against_oestradiol_free_linear	30643251_liu_2019_alcohol_no_ukb	male_unadjust_oestradiol_free_imputation_log	-0.0567 (0.0499)	(rg: -0.0567; 95% CI: -0.1545 ... 0.0411)	1172907.0	-0.0567	0.0499	0.097804	-0.1545 ... 0.0411	0.2555	-0.154504	0.041104	1.0	0.0	0.0567	male	unadjust	oestradiol_free_imputation_log	0.1285424	linear	joint	unadjust	oestradiol_free_imputation_log
alcohol_quantity_no_ukb	primaries_against_steroid_globulin_linear	30643251_liu_2019_alcohol_no_ukb	female_joint_1_steroid_globulin_imputation_log	0.0503 (0.0322)	(rg: 0.0503; 95% CI: -0.0128 ... 0.1134)	1172907.0	0.0503	0.0322	0.063112	-0.0128 ... 0.1134	0.1184	-0.012812	0.113412	1.0	0.0	0.0503	female	joint_1	steroid_globulin_imputation_log	0.0829472	linear	joint	adjust	steroid_globulin_imputation_log
alcohol_quantity_no_ukb	primaries_against_steroid_globulin_linear	30643251_liu_2019_alcohol_no_ukb	female_male_priority_male_joint_1_steroid_globulin_imputation_log	0.0335 (0.0306)	(rg: 0.0335; 95% CI: -0.0265 ... 0.0935)	1172907.0	0.0335	0.0306	0.0599759999999999	-0.0265 ... 0.0935	0.2731	-0.0264759999999999	0.093476	1.0	0.0	0.0335	female_male	joint_1	steroid_globulin_imputation_log	0.0788256	linear	joint	adjust	steroid_globulin_imputation_log
alcohol_quantity_no_ukb	primaries_against_steroid_globulin_linear	30643251_liu_2019_alcohol_no_ukb	female_male_priority_male_unadjust_steroid_globulin_imputation_log	0.0742 (0.0302)	(rg: 0.0742; 95% CI: 0.015 ... 0.1334)	1172907.0	0.0742	0.0302	0.059192	0.015 ... 0.1334	0.0139	0.015008	0.133392	1.0	1.0	0.0742	female_male	unadjust	steroid_globulin_imputation_log	0.07779520000000001	linear	joint	unadjust	steroid_globulin_imputation_log
alcohol_quantity_no_ukb	primaries_against_steroid_globulin_linear	30643251_liu_2019_alcohol_no_ukb	female_menstruation_regular_joint_1_steroid_globulin_imputation_log	0.0392 (0.0538)	(rg: 0.0392; 95% CI: -0.0662 ... 0.1446)	1172907.0	0.0392	0.0538	0.105448	-0.0662 ... 0.1446	0.4665	-0.066248	0.144648	1.0	0.0	0.0392	female_menstruation_regular	joint_1	steroid_globulin_imputation_log	0.1385888	linear	joint	adjust	steroid_globulin_imputation_log
alcohol_quantity_no_ukb	primaries_against_steroid_globulin_linear	30643251_liu_2019_alcohol_no_ukb	female_menstruation_regular_unadjust_steroid_globulin_imputation_log	0.1205 (0.0503)	(rg: 0.1205; 95% CI: 0.0219 ... 0.2191)	1172907.0	0.1205	0.0503	0.098588	0.0219 ... 0.2191	0.0167	0.021912	0.219088	1.0	1.0	0.1205	female_menstruation_regular	unadjust	steroid_globulin_imputation_log	0.1295728	linear	joint	unadjust	steroid_globulin_imputation_log
alcohol_quantity_no_ukb	primaries_against_steroid_globulin_linear	30643251_liu_2019_alcohol_no_ukb	female_perimenopause_joint_1_steroid_globulin_imputation_log	0.044 (0.0664)	(rg: 0.044; 95% CI: -0.0861 ... 0.1741)	1172907.0	0.044	0.0664	0.130144	-0.0861 ... 0.1741	0.5076	-0.086144	0.174144	1.0	0.0	0.044	female_perimenopause	joint_1	steroid_globulin_imputation_log	0.17104640000000002	linear	joint	adjust	steroid_globulin_imputation_log
alcohol_quantity_no_ukb	primaries_against_steroid_globulin_linear	30643251_liu_2019_alcohol_no_ukb	female_perimenopause_unadjust_steroid_globulin_imputation_log	0.1312 (0.0617)	(rg: 0.1312; 95% CI: 0.0103 ... 0.2521)	1172907.0	0.1312	0.0617	0.120932	0.0103 ... 0.2521	0.0333	0.010268	0.252132	1.0	1.0	0.1312	female_perimenopause	unadjust	steroid_globulin_imputation_log	0.1589392	linear	joint	unadjust	steroid_globulin_imputation_log
alcohol_quantity_no_ukb	primaries_against_steroid_globulin_linear	30643251_liu_2019_alcohol_no_ukb	female_postmenopause_joint_1_steroid_globulin_imputation_log	0.0479 (0.0321)	(rg: 0.0479; 95% CI: -0.015 ... 0.1108)	1172907.0	0.0479	0.0321	0.0629159999999999	-0.015 ... 0.1108	0.1358	-0.0150159999999999	0.1108159999999999	1.0	0.0	0.0479	female_postmenopause	joint_1	steroid_globulin_imputation_log	0.08268959999999999	linear	joint	adjust	steroid_globulin_imputation_log
alcohol_quantity_no_ukb	primaries_against_steroid_globulin_linear	30643251_liu_2019_alcohol_no_ukb	female_postmenopause_unadjust_steroid_globulin_imputation_log	0.0917 (0.0331)	(rg: 0.0917; 95% CI: 0.0268 ... 0.1566)	1172907.0	0.0917	0.0331	0.0648759999999999	0.0268 ... 0.1566	0.0056	0.026824	0.156576	1.0	1.0	0.0917	female_postmenopause	unadjust	steroid_globulin_imputation_log	0.0852656	linear	joint	unadjust	steroid_globulin_imputation_log
alcohol_quantity_no_ukb	primaries_against_steroid_globulin_linear	30643251_liu_2019_alcohol_no_ukb	female_premenopause_joint_1_steroid_globulin_imputation_log	0.0443 (0.0683)	(rg: 0.0443; 95% CI: -0.0896 ... 0.1782)	1172907.0	0.0443	0.0683	0.133868	-0.0896 ... 0.1782	0.5173	-0.0895679999999999	0.178168	1.0	0.0	0.0443	female_premenopause	joint_1	steroid_globulin_imputation_log	0.1759408	linear	joint	adjust	steroid_globulin_imputation_log
alcohol_quantity_no_ukb	primaries_against_steroid_globulin_linear	30643251_liu_2019_alcohol_no_ukb	female_premenopause_unadjust_steroid_globulin_imputation_log	0.1746 (0.067)	(rg: 0.1746; 95% CI: 0.0433 ... 0.3059)	1172907.0	0.1746	0.067	0.13132	0.0433 ... 0.3059	0.0091	0.04328	0.3059199999999999	1.0	1.0	0.1746	female_premenopause	unadjust	steroid_globulin_imputation_log	0.17259200000000002	linear	joint	unadjust	steroid_globulin_imputation_log
alcohol_quantity_no_ukb	primaries_against_steroid_globulin_linear	30643251_liu_2019_alcohol_no_ukb	female_unadjust_steroid_globulin_imputation_log	0.0929 (0.0321)	(rg: 0.0929; 95% CI: 0.03 ... 0.1558)	1172907.0	0.0929	0.0321	0.0629159999999999	0.03 ... 0.1558	0.0038	0.029984	0.1558159999999999	1.0	1.0	0.0929	female	unadjust	steroid_globulin_imputation_log	0.08268959999999999	linear	joint	unadjust	steroid_globulin_imputation_log
alcohol_quantity_no_ukb	primaries_against_steroid_globulin_linear	30643251_liu_2019_alcohol_no_ukb	male_age_high_joint_1_steroid_globulin_imputation_log	0.0535 (0.0407)	(rg: 0.0535; 95% CI: -0.0263 ... 0.1333)	1172907.0	0.0535	0.0407	0.079772	-0.0263 ... 0.1333	0.1885	-0.0262719999999999	0.133272	1.0	0.0	0.0535	male_age_high	joint_1	steroid_globulin_imputation_log	0.1048432	linear	joint	adjust	steroid_globulin_imputation_log
alcohol_quantity_no_ukb	primaries_against_steroid_globulin_linear	30643251_liu_2019_alcohol_no_ukb	male_age_high_unadjust_steroid_globulin_imputation_log	0.0533 (0.0417)	(rg: 0.0533; 95% CI: -0.0284 ... 0.135)	1172907.0	0.0533	0.0417	0.081732	-0.0284 ... 0.135	0.2015	-0.028432	0.1350319999999999	1.0	0.0	0.0533	male_age_high	unadjust	steroid_globulin_imputation_log	0.1074192	linear	joint	unadjust	steroid_globulin_imputation_log
alcohol_quantity_no_ukb	primaries_against_steroid_globulin_linear	30643251_liu_2019_alcohol_no_ukb	male_age_low_joint_1_steroid_globulin_imputation_log	0.0737 (0.0422)	(rg: 0.0737; 95% CI: -0.009 ... 0.1564)	1172907.0	0.0737	0.0422	0.082712	-0.009 ... 0.1564	0.081	-0.009012	0.156412	1.0	0.0	0.0737	male_age_low	joint_1	steroid_globulin_imputation_log	0.1087072	linear	joint	adjust	steroid_globulin_imputation_log
alcohol_quantity_no_ukb	primaries_against_steroid_globulin_linear	30643251_liu_2019_alcohol_no_ukb	male_age_low_unadjust_steroid_globulin_imputation_log	0.1053 (0.0427)	(rg: 0.1053; 95% CI: 0.0216 ... 0.189)	1172907.0	0.1053	0.0427	0.083692	0.0216 ... 0.189	0.0136	0.021608	0.188992	1.0	1.0	0.1053	male_age_low	unadjust	steroid_globulin_imputation_log	0.1099952	linear	joint	unadjust	steroid_globulin_imputation_log
alcohol_quantity_no_ukb	primaries_against_steroid_globulin_linear	30643251_liu_2019_alcohol_no_ukb	male_age_middle_joint_1_steroid_globulin_imputation_log	-0.0077 (0.0433)	(rg: -0.0077; 95% CI: -0.0926 ... 0.0772)	1172907.0	-0.0077	0.0433	0.084868	-0.0926 ... 0.0772	0.8596	-0.092568	0.077168	1.0	0.0	0.0077	male_age_middle	joint_1	steroid_globulin_imputation_log	0.1115408	linear	joint	adjust	steroid_globulin_imputation_log
alcohol_quantity_no_ukb	primaries_against_steroid_globulin_linear	30643251_liu_2019_alcohol_no_ukb	male_age_middle_unadjust_steroid_globulin_imputation_log	0.0254 (0.0405)	(rg: 0.0254; 95% CI: -0.054 ... 0.1048)	1172907.0	0.0254	0.0405	0.07938	-0.054 ... 0.1048	0.5314	-0.05398	0.10478	1.0	0.0	0.0254	male_age_middle	unadjust	steroid_globulin_imputation_log	0.104328	linear	joint	unadjust	steroid_globulin_imputation_log
alcohol_quantity_no_ukb	primaries_against_steroid_globulin_linear	30643251_liu_2019_alcohol_no_ukb	male_joint_1_steroid_globulin_imputation_log	0.037 (0.0338)	(rg: 0.037; 95% CI: -0.0292 ... 0.1032)	1172907.0	0.037	0.0338	0.0662479999999999	-0.0292 ... 0.1032	0.2728	-0.0292479999999999	0.1032479999999999	1.0	0.0	0.037	male	joint_1	steroid_globulin_imputation_log	0.08706879999999999	linear	joint	adjust	steroid_globulin_imputation_log
alcohol_quantity_no_ukb	primaries_against_steroid_globulin_linear	30643251_liu_2019_alcohol_no_ukb	male_unadjust_steroid_globulin_imputation_log	0.0579 (0.0333)	(rg: 0.0579; 95% CI: -0.0074 ... 0.1232)	1172907.0	0.0579	0.0333	0.065268	-0.0074 ... 0.1232	0.0818	-0.007368	0.123168	1.0	0.0	0.0579	male	unadjust	steroid_globulin_imputation_log	0.0857808	linear	joint	unadjust	steroid_globulin_imputation_log
alcohol_quantity_no_ukb	primaries_against_oestradiol_logistic	30643251_liu_2019_alcohol_no_ukb	female_joint_1_oestradiol_detection	0.0058 (0.0864)	(rg: 0.0058; 95% CI: -0.1635 ... 0.1751)	1172907.0	0.0058	0.0864	0.169344	-0.1635 ... 0.1751	0.9468	-0.163544	0.175144	1.0	0.0	0.0058	female	joint_1	oestradiol_detection	0.22256640000000003	linear	joint	adjust	oestradiol_detection
alcohol_quantity_no_ukb	primaries_against_oestradiol_logistic	30643251_liu_2019_alcohol_no_ukb	female_menstruation_regular_joint_1_oestradiol_detection	-0.351 (0.2588)	(rg: -0.351; 95% CI: -0.8582 ... 0.1562)	1172907.0	-0.351	0.2588	0.5072479999999999	-0.8582 ... 0.1562	0.175	-0.8582479999999999	0.1562479999999999	1.0	0.0	0.351	female_menstruation_regular	joint_1	oestradiol_detection	0.6666688	linear	joint	adjust	oestradiol_detection
alcohol_quantity_no_ukb	primaries_against_oestradiol_logistic	30643251_liu_2019_alcohol_no_ukb	female_menstruation_regular_unadjust_oestradiol_detection	-0.145 (0.1475)	(rg: -0.145; 95% CI: -0.4341 ... 0.1441)	1172907.0	-0.145	0.1475	0.2890999999999999	-0.4341 ... 0.1441	0.3254	-0.4340999999999999	0.1440999999999999	1.0	0.0	0.145	female_menstruation_regular	unadjust	oestradiol_detection	0.37995999999999996	linear	joint	unadjust	oestradiol_detection
alcohol_quantity_no_ukb	primaries_against_oestradiol_logistic	30643251_liu_2019_alcohol_no_ukb	female_perimenopause_joint_1_oestradiol_detection	0.0515 (0.1101)	(rg: 0.0515; 95% CI: -0.1643 ... 0.2673)	1172907.0	0.0515	0.1101	0.215796	-0.1643 ... 0.2673	0.6397	-0.164296	0.267296	1.0	0.0	0.0515	female_perimenopause	joint_1	oestradiol_detection	0.2836176	linear	joint	adjust	oestradiol_detection
alcohol_quantity_no_ukb	primaries_against_oestradiol_logistic	30643251_liu_2019_alcohol_no_ukb	female_perimenopause_unadjust_oestradiol_detection	0.1148 (0.1131)	(rg: 0.1148; 95% CI: -0.1069 ... 0.3365)	1172907.0	0.1148	0.1131	0.221676	-0.1069 ... 0.3365	0.3099	-0.106876	0.336476	1.0	0.0	0.1148	female_perimenopause	unadjust	oestradiol_detection	0.29134560000000004	linear	joint	unadjust	oestradiol_detection
alcohol_quantity_no_ukb	primaries_against_oestradiol_logistic	30643251_liu_2019_alcohol_no_ukb	female_postmenopause_joint_1_oestradiol_detection	-0.0419 (0.1348)	(rg: -0.0419; 95% CI: -0.3061 ... 0.2223)	1172907.0	-0.0419	0.1348	0.264208	-0.3061 ... 0.2223	0.7561	-0.306108	0.222308	1.0	0.0	0.0419	female_postmenopause	joint_1	oestradiol_detection	0.3472448	linear	joint	adjust	oestradiol_detection
alcohol_quantity_no_ukb	primaries_against_oestradiol_logistic	30643251_liu_2019_alcohol_no_ukb	female_postmenopause_unadjust_oestradiol_detection	-0.0624 (0.0984)	(rg: -0.0624; 95% CI: -0.2553 ... 0.1305)	1172907.0	-0.0624	0.0984	0.192864	-0.2553 ... 0.1305	0.5262	-0.255264	0.130464	1.0	0.0	0.0624	female_postmenopause	unadjust	oestradiol_detection	0.2534784	linear	joint	unadjust	oestradiol_detection
alcohol_quantity_no_ukb	primaries_against_oestradiol_logistic	30643251_liu_2019_alcohol_no_ukb	female_premenopause_joint_1_oestradiol_detection	-0.485 (0.4897)	(rg: -0.485; 95% CI: -1.4448 ... 0.4748)	1172899.0	-0.485	0.4897	0.959812	-1.4448 ... 0.4748	0.322	-1.444812	0.474812	1.0	0.0	0.485	female_premenopause	joint_1	oestradiol_detection	1.2614672	linear	joint	adjust	oestradiol_detection
alcohol_quantity_no_ukb	primaries_against_oestradiol_logistic	30643251_liu_2019_alcohol_no_ukb	female_premenopause_unadjust_oestradiol_detection	-0.0591 (0.1229)	(rg: -0.0591; 95% CI: -0.3 ... 0.1818)	1172904.0	-0.0591	0.1229	0.240884	-0.3 ... 0.1818	0.6309	-0.299984	0.181784	1.0	0.0	0.0591	female_premenopause	unadjust	oestradiol_detection	0.3165904	linear	joint	unadjust	oestradiol_detection
alcohol_quantity_no_ukb	primaries_against_oestradiol_logistic	30643251_liu_2019_alcohol_no_ukb	female_unadjust_oestradiol_detection	-0.0751 (0.0804)	(rg: -0.0751; 95% CI: -0.2327 ... 0.0825)	1172907.0	-0.0751	0.0804	0.157584	-0.2327 ... 0.0825	0.35	-0.232684	0.082484	1.0	0.0	0.0751	female	unadjust	oestradiol_detection	0.2071104	linear	joint	unadjust	oestradiol_detection
alcohol_quantity_no_ukb	primaries_against_oestradiol_logistic	30643251_liu_2019_alcohol_no_ukb	male_age_high_joint_1_oestradiol_detection	-0.0164 (0.1084)	(rg: -0.0164; 95% CI: -0.2289 ... 0.1961)	1172905.0	-0.0164	0.1084	0.212464	-0.2289 ... 0.1961	0.8799	-0.2288639999999999	0.196064	1.0	0.0	0.0164	male_age_high	joint_1	oestradiol_detection	0.2792384	linear	joint	adjust	oestradiol_detection
alcohol_quantity_no_ukb	primaries_against_oestradiol_logistic	30643251_liu_2019_alcohol_no_ukb	male_age_high_unadjust_oestradiol_detection	-0.0237 (0.1029)	(rg: -0.0237; 95% CI: -0.2254 ... 0.178)	1172905.0	-0.0237	0.1029	0.201684	-0.2254 ... 0.178	0.8178	-0.225384	0.177984	1.0	0.0	0.0237	male_age_high	unadjust	oestradiol_detection	0.26507040000000004	linear	joint	unadjust	oestradiol_detection
alcohol_quantity_no_ukb	primaries_against_oestradiol_logistic	30643251_liu_2019_alcohol_no_ukb	male_age_low_joint_1_oestradiol_detection	-0.0595 (0.1787)	(rg: -0.0595; 95% CI: -0.4098 ... 0.2908)	1172905.0	-0.0595	0.1787	0.350252	-0.4098 ... 0.2908	0.7392	-0.409752	0.290752	1.0	0.0	0.0595	male_age_low	joint_1	oestradiol_detection	0.4603312	linear	joint	adjust	oestradiol_detection
alcohol_quantity_no_ukb	primaries_against_oestradiol_logistic	30643251_liu_2019_alcohol_no_ukb	male_age_low_unadjust_oestradiol_detection	-0.0795 (0.1634)	(rg: -0.0795; 95% CI: -0.3998 ... 0.2408)	1172905.0	-0.0795	0.1634	0.320264	-0.3998 ... 0.2408	0.6265	-0.399764	0.2407639999999999	1.0	0.0	0.0795	male_age_low	unadjust	oestradiol_detection	0.42091839999999997	linear	joint	unadjust	oestradiol_detection
alcohol_quantity_no_ukb	primaries_against_oestradiol_logistic	30643251_liu_2019_alcohol_no_ukb	male_age_middle_joint_1_oestradiol_detection	0.0194 (0.0799)	(rg: 0.0194; 95% CI: -0.1372 ... 0.176)	1172905.0	0.0194	0.0799	0.156604	-0.1372 ... 0.176	0.8082	-0.137204	0.176004	1.0	0.0	0.0194	male_age_middle	joint_1	oestradiol_detection	0.2058224	linear	joint	adjust	oestradiol_detection
alcohol_quantity_no_ukb	primaries_against_oestradiol_logistic	30643251_liu_2019_alcohol_no_ukb	male_age_middle_unadjust_oestradiol_detection	-0.0014 (0.0796)	(rg: -0.0014; 95% CI: -0.1574 ... 0.1546)	1172905.0	-0.0014	0.0796	0.156016	-0.1574 ... 0.1546	0.9855	-0.157416	0.154616	1.0	0.0	0.0014	male_age_middle	unadjust	oestradiol_detection	0.20504960000000003	linear	joint	unadjust	oestradiol_detection
alcohol_quantity_no_ukb	primaries_against_oestradiol_logistic	30643251_liu_2019_alcohol_no_ukb	male_joint_1_oestradiol_detection	-0.0029 (0.0607)	(rg: -0.0029; 95% CI: -0.1219 ... 0.1161)	1172906.0	-0.0029	0.0607	0.118972	-0.1219 ... 0.1161	0.9624	-0.121872	0.116072	1.0	0.0	0.0029	male	joint_1	oestradiol_detection	0.1563632	linear	joint	adjust	oestradiol_detection
alcohol_quantity_no_ukb	primaries_against_oestradiol_logistic	30643251_liu_2019_alcohol_no_ukb	male_unadjust_oestradiol_detection	-0.0161 (0.0598)	(rg: -0.0161; 95% CI: -0.1333 ... 0.1011)	1172906.0	-0.0161	0.0598	0.1172079999999999	-0.1333 ... 0.1011	0.7877	-0.1333079999999999	0.1011079999999999	1.0	0.0	0.0161	male	unadjust	oestradiol_detection	0.1540448	linear	joint	unadjust	oestradiol_detection
alcohol_quantity_no_ukb	primaries_against_oestradiol_bioavailable_linear	30643251_liu_2019_alcohol_no_ukb	female_joint_1_oestradiol_bioavailable_imputation_log	-0.0292 (0.0732)	(rg: -0.0292; 95% CI: -0.1727 ... 0.1143)	1172907.0	-0.0292	0.0732	0.143472	-0.1727 ... 0.1143	0.6902	-0.172672	0.1142719999999999	1.0	0.0	0.0292	female	joint_1	oestradiol_bioavailable_imputation_log	0.18856320000000001	linear	joint	adjust	oestradiol_bioavailable_imputation_log
alcohol_quantity_no_ukb	primaries_against_oestradiol_bioavailable_linear	30643251_liu_2019_alcohol_no_ukb	female_menstruation_regular_joint_1_oestradiol_bioavailable_imputation_log	-0.226 (0.2304)	(rg: -0.226; 95% CI: -0.6776 ... 0.2256)	1172907.0	-0.226	0.2304	0.451584	-0.6776 ... 0.2256	0.3267	-0.677584	0.2255839999999999	1.0	0.0	0.226	female_menstruation_regular	joint_1	oestradiol_bioavailable_imputation_log	0.5935104	linear	joint	adjust	oestradiol_bioavailable_imputation_log
alcohol_quantity_no_ukb	primaries_against_oestradiol_bioavailable_linear	30643251_liu_2019_alcohol_no_ukb	female_menstruation_regular_unadjust_oestradiol_bioavailable_imputation_log	-0.1763 (0.1937)	(rg: -0.1763; 95% CI: -0.556 ... 0.2034)	1172907.0	-0.1763	0.1937	0.379652	-0.556 ... 0.2034	0.3627	-0.555952	0.2033519999999999	1.0	0.0	0.1763	female_menstruation_regular	unadjust	oestradiol_bioavailable_imputation_log	0.49897120000000006	linear	joint	unadjust	oestradiol_bioavailable_imputation_log
alcohol_quantity_no_ukb	primaries_against_oestradiol_bioavailable_linear	30643251_liu_2019_alcohol_no_ukb	female_perimenopause_joint_1_oestradiol_bioavailable_imputation_log	0.0708 (0.1241)	(rg: 0.0708; 95% CI: -0.1724 ... 0.314)	1172907.0	0.0708	0.1241	0.243236	-0.1724 ... 0.314	0.5684	-0.172436	0.314036	1.0	0.0	0.0708	female_perimenopause	joint_1	oestradiol_bioavailable_imputation_log	0.3196816	linear	joint	adjust	oestradiol_bioavailable_imputation_log
alcohol_quantity_no_ukb	primaries_against_oestradiol_bioavailable_linear	30643251_liu_2019_alcohol_no_ukb	female_perimenopause_unadjust_oestradiol_bioavailable_imputation_log	0.0836 (0.1201)	(rg: 0.0836; 95% CI: -0.1518 ... 0.319)	1172907.0	0.0836	0.1201	0.235396	-0.1518 ... 0.319	0.4868	-0.151796	0.318996	1.0	0.0	0.0836	female_perimenopause	unadjust	oestradiol_bioavailable_imputation_log	0.30937760000000003	linear	joint	unadjust	oestradiol_bioavailable_imputation_log
alcohol_quantity_no_ukb	primaries_against_oestradiol_bioavailable_linear	30643251_liu_2019_alcohol_no_ukb	female_postmenopause_joint_1_oestradiol_bioavailable_imputation_log	-0.0358 (0.0453)	(rg: -0.0358; 95% CI: -0.1246 ... 0.053)	1172907.0	-0.0358	0.0453	0.0887879999999999	-0.1246 ... 0.053	0.4301	-0.1245879999999999	0.0529879999999999	1.0	0.0	0.0358	female_postmenopause	joint_1	oestradiol_bioavailable_imputation_log	0.1166928	linear	joint	adjust	oestradiol_bioavailable_imputation_log
alcohol_quantity_no_ukb	primaries_against_oestradiol_bioavailable_linear	30643251_liu_2019_alcohol_no_ukb	female_postmenopause_unadjust_oestradiol_bioavailable_imputation_log	-0.0929 (0.0459)	(rg: -0.0929; 95% CI: -0.1829 ... -0.0029)	1172907.0	-0.0929	0.0459	0.089964	-0.1829 ... -0.0029	0.0429	-0.182864	-0.0029359999999999	1.0	1.0	0.0929	female_postmenopause	unadjust	oestradiol_bioavailable_imputation_log	0.11823840000000001	linear	joint	unadjust	oestradiol_bioavailable_imputation_log
alcohol_quantity_no_ukb	primaries_against_oestradiol_bioavailable_linear	30643251_liu_2019_alcohol_no_ukb	female_premenopause_joint_1_oestradiol_bioavailable_imputation_log	-0.2215 (0.2018)	(rg: -0.2215; 95% CI: -0.617 ... 0.174)	1172907.0	-0.2215	0.2018	0.395528	-0.617 ... 0.174	0.2724	-0.617028	0.174028	1.0	0.0	0.2215	female_premenopause	joint_1	oestradiol_bioavailable_imputation_log	0.5198368	linear	joint	adjust	oestradiol_bioavailable_imputation_log
alcohol_quantity_no_ukb	primaries_against_oestradiol_bioavailable_linear	30643251_liu_2019_alcohol_no_ukb	female_premenopause_unadjust_oestradiol_bioavailable_imputation_log	-0.1536 (0.189)	(rg: -0.1536; 95% CI: -0.524 ... 0.2168)	1172907.0	-0.1536	0.189	0.37044	-0.524 ... 0.2168	0.4163	-0.52404	0.21684	1.0	0.0	0.1536	female_premenopause	unadjust	oestradiol_bioavailable_imputation_log	0.486864	linear	joint	unadjust	oestradiol_bioavailable_imputation_log
alcohol_quantity_no_ukb	primaries_against_oestradiol_bioavailable_linear	30643251_liu_2019_alcohol_no_ukb	female_unadjust_oestradiol_bioavailable_imputation_log	-0.1133 (0.0682)	(rg: -0.1133; 95% CI: -0.247 ... 0.0204)	1172907.0	-0.1133	0.0682	0.1336719999999999	-0.247 ... 0.0204	0.0966	-0.2469719999999999	0.0203719999999999	1.0	0.0	0.1133	female	unadjust	oestradiol_bioavailable_imputation_log	0.17568319999999998	linear	joint	unadjust	oestradiol_bioavailable_imputation_log
alcohol_quantity_no_ukb	primaries_against_oestradiol_bioavailable_linear	30643251_liu_2019_alcohol_no_ukb	male_age_high_joint_1_oestradiol_bioavailable_imputation_log	-0.0509 (0.0839)	(rg: -0.0509; 95% CI: -0.2153 ... 0.1135)	1172907.0	-0.0509	0.0839	0.164444	-0.2153 ... 0.1135	0.544	-0.215344	0.113544	1.0	0.0	0.0509	male_age_high	joint_1	oestradiol_bioavailable_imputation_log	0.21612640000000002	linear	joint	adjust	oestradiol_bioavailable_imputation_log
alcohol_quantity_no_ukb	primaries_against_oestradiol_bioavailable_linear	30643251_liu_2019_alcohol_no_ukb	male_age_high_unadjust_oestradiol_bioavailable_imputation_log	-0.0548 (0.0804)	(rg: -0.0548; 95% CI: -0.2124 ... 0.1028)	1172907.0	-0.0548	0.0804	0.157584	-0.2124 ... 0.1028	0.4954	-0.212384	0.102784	1.0	0.0	0.0548	male_age_high	unadjust	oestradiol_bioavailable_imputation_log	0.2071104	linear	joint	unadjust	oestradiol_bioavailable_imputation_log
alcohol_quantity_no_ukb	primaries_against_oestradiol_bioavailable_linear	30643251_liu_2019_alcohol_no_ukb	male_age_low_joint_1_oestradiol_bioavailable_imputation_log	-0.0054 (0.0971)	(rg: -0.0054; 95% CI: -0.1957 ... 0.1849)	1172907.0	-0.0054	0.0971	0.190316	-0.1957 ... 0.1849	0.956	-0.195716	0.184916	1.0	0.0	0.0054	male_age_low	joint_1	oestradiol_bioavailable_imputation_log	0.2501296	linear	joint	adjust	oestradiol_bioavailable_imputation_log
alcohol_quantity_no_ukb	primaries_against_oestradiol_bioavailable_linear	30643251_liu_2019_alcohol_no_ukb	male_age_low_unadjust_oestradiol_bioavailable_imputation_log	-0.0618 (0.0923)	(rg: -0.0618; 95% CI: -0.2427 ... 0.1191)	1172907.0	-0.0618	0.0923	0.1809079999999999	-0.2427 ... 0.1191	0.5031	-0.2427079999999999	0.1191079999999999	1.0	0.0	0.0618	male_age_low	unadjust	oestradiol_bioavailable_imputation_log	0.2377648	linear	joint	unadjust	oestradiol_bioavailable_imputation_log
alcohol_quantity_no_ukb	primaries_against_oestradiol_bioavailable_linear	30643251_liu_2019_alcohol_no_ukb	male_age_middle_joint_1_oestradiol_bioavailable_imputation_log	-0.0046 (0.087)	(rg: -0.0046; 95% CI: -0.1751 ... 0.1659)	1172907.0	-0.0046	0.087	0.1705199999999999	-0.1751 ... 0.1659	0.958	-0.1751199999999999	0.1659199999999999	1.0	0.0	0.0046	male_age_middle	joint_1	oestradiol_bioavailable_imputation_log	0.22411199999999998	linear	joint	adjust	oestradiol_bioavailable_imputation_log
alcohol_quantity_no_ukb	primaries_against_oestradiol_bioavailable_linear	30643251_liu_2019_alcohol_no_ukb	male_age_middle_unadjust_oestradiol_bioavailable_imputation_log	-0.0428 (0.0781)	(rg: -0.0428; 95% CI: -0.1959 ... 0.1103)	1172907.0	-0.0428	0.0781	0.153076	-0.1959 ... 0.1103	0.5838	-0.195876	0.1102759999999999	1.0	0.0	0.0428	male_age_middle	unadjust	oestradiol_bioavailable_imputation_log	0.20118560000000002	linear	joint	unadjust	oestradiol_bioavailable_imputation_log
alcohol_quantity_no_ukb	primaries_against_oestradiol_bioavailable_linear	30643251_liu_2019_alcohol_no_ukb	male_joint_1_oestradiol_bioavailable_imputation_log	-0.0215 (0.0517)	(rg: -0.0215; 95% CI: -0.1228 ... 0.0798)	1172907.0	-0.0215	0.0517	0.101332	-0.1228 ... 0.0798	0.6766	-0.122832	0.079832	1.0	0.0	0.0215	male	joint_1	oestradiol_bioavailable_imputation_log	0.1331792	linear	joint	adjust	oestradiol_bioavailable_imputation_log
alcohol_quantity_no_ukb	primaries_against_oestradiol_bioavailable_linear	30643251_liu_2019_alcohol_no_ukb	male_unadjust_oestradiol_bioavailable_imputation_log	-0.0465 (0.0491)	(rg: -0.0465; 95% CI: -0.1427 ... 0.0497)	1172907.0	-0.0465	0.0491	0.0962359999999999	-0.1427 ... 0.0497	0.3435	-0.1427359999999999	0.0497359999999999	1.0	0.0	0.0465	male	unadjust	oestradiol_bioavailable_imputation_log	0.1264816	linear	joint	unadjust	oestradiol_bioavailable_imputation_log
alcohol_quantity_no_ukb	primaries_against_testosterone_bioavailable_linear	30643251_liu_2019_alcohol_no_ukb	female_joint_1_testosterone_bioavailable_imputation_log	0.0147 (0.0341)	(rg: 0.0147; 95% CI: -0.0521 ... 0.0815)	1172907.0	0.0147	0.0341	0.0668359999999999	-0.0521 ... 0.0815	0.6674	-0.0521359999999999	0.081536	1.0	0.0	0.0147	female	joint_1	testosterone_bioavailable_imputation_log	0.08784159999999999	linear	joint	adjust	testosterone_bioavailable_imputation_log
alcohol_quantity_no_ukb	primaries_against_testosterone_bioavailable_linear	30643251_liu_2019_alcohol_no_ukb	female_menstruation_regular_joint_1_testosterone_bioavailable_imputation_log	0.0317 (0.0682)	(rg: 0.0317; 95% CI: -0.102 ... 0.1654)	1172907.0	0.0317	0.0682	0.1336719999999999	-0.102 ... 0.1654	0.642	-0.1019719999999999	0.165372	1.0	0.0	0.0317	female_menstruation_regular	joint_1	testosterone_bioavailable_imputation_log	0.17568319999999998	linear	joint	adjust	testosterone_bioavailable_imputation_log
alcohol_quantity_no_ukb	primaries_against_testosterone_bioavailable_linear	30643251_liu_2019_alcohol_no_ukb	female_menstruation_regular_unadjust_testosterone_bioavailable_imputation_log	-0.0086 (0.0668)	(rg: -0.0086; 95% CI: -0.1395 ... 0.1223)	1172907.0	-0.0086	0.0668	0.130928	-0.1395 ... 0.1223	0.8978	-0.1395279999999999	0.1223279999999999	1.0	0.0	0.0086	female_menstruation_regular	unadjust	testosterone_bioavailable_imputation_log	0.1720768	linear	joint	unadjust	testosterone_bioavailable_imputation_log
alcohol_quantity_no_ukb	primaries_against_testosterone_bioavailable_linear	30643251_liu_2019_alcohol_no_ukb	female_perimenopause_joint_1_testosterone_bioavailable_imputation_log	0.1513 (0.0656)	(rg: 0.1513; 95% CI: 0.0227 ... 0.2799)	1172907.0	0.1513	0.0656	0.128576	0.0227 ... 0.2799	0.0211	0.0227239999999999	0.279876	1.0	1.0	0.1513	female_perimenopause	joint_1	testosterone_bioavailable_imputation_log	0.1689856	linear	joint	adjust	testosterone_bioavailable_imputation_log
alcohol_quantity_no_ukb	primaries_against_testosterone_bioavailable_linear	30643251_liu_2019_alcohol_no_ukb	female_perimenopause_unadjust_testosterone_bioavailable_imputation_log	0.1044 (0.0667)	(rg: 0.1044; 95% CI: -0.0263 ... 0.2351)	1172907.0	0.1044	0.0667	0.130732	-0.0263 ... 0.2351	0.1177	-0.0263319999999999	0.235132	1.0	0.0	0.1044	female_perimenopause	unadjust	testosterone_bioavailable_imputation_log	0.1718192	linear	joint	unadjust	testosterone_bioavailable_imputation_log
alcohol_quantity_no_ukb	primaries_against_testosterone_bioavailable_linear	30643251_liu_2019_alcohol_no_ukb	female_postmenopause_joint_1_testosterone_bioavailable_imputation_log	-0.0093 (0.0355)	(rg: -0.0093; 95% CI: -0.0789 ... 0.0603)	1172907.0	-0.0093	0.0355	0.0695799999999999	-0.0789 ... 0.0603	0.7944	-0.0788799999999999	0.0602799999999999	1.0	0.0	0.0093	female_postmenopause	joint_1	testosterone_bioavailable_imputation_log	0.09144799999999999	linear	joint	adjust	testosterone_bioavailable_imputation_log
alcohol_quantity_no_ukb	primaries_against_testosterone_bioavailable_linear	30643251_liu_2019_alcohol_no_ukb	female_postmenopause_unadjust_testosterone_bioavailable_imputation_log	-0.0471 (0.0363)	(rg: -0.0471; 95% CI: -0.1182 ... 0.024)	1172907.0	-0.0471	0.0363	0.071148	-0.1182 ... 0.024	0.1944	-0.118248	0.024048	1.0	0.0	0.0471	female_postmenopause	unadjust	testosterone_bioavailable_imputation_log	0.0935088	linear	joint	unadjust	testosterone_bioavailable_imputation_log
alcohol_quantity_no_ukb	primaries_against_testosterone_bioavailable_linear	30643251_liu_2019_alcohol_no_ukb	female_premenopause_joint_1_testosterone_bioavailable_imputation_log	0.0179 (0.0727)	(rg: 0.0179; 95% CI: -0.1246 ... 0.1604)	1172907.0	0.0179	0.0727	0.142492	-0.1246 ... 0.1604	0.8051	-0.124592	0.160392	1.0	0.0	0.0179	female_premenopause	joint_1	testosterone_bioavailable_imputation_log	0.1872752	linear	joint	adjust	testosterone_bioavailable_imputation_log
alcohol_quantity_no_ukb	primaries_against_testosterone_bioavailable_linear	30643251_liu_2019_alcohol_no_ukb	female_premenopause_unadjust_testosterone_bioavailable_imputation_log	-0.012 (0.0689)	(rg: -0.012; 95% CI: -0.147 ... 0.123)	1172907.0	-0.012	0.0689	0.135044	-0.147 ... 0.123	0.8617	-0.147044	0.123044	1.0	0.0	0.012	female_premenopause	unadjust	testosterone_bioavailable_imputation_log	0.17748640000000002	linear	joint	unadjust	testosterone_bioavailable_imputation_log
alcohol_quantity_no_ukb	primaries_against_testosterone_bioavailable_linear	30643251_liu_2019_alcohol_no_ukb	female_unadjust_testosterone_bioavailable_imputation_log	-0.0281 (0.0348)	(rg: -0.0281; 95% CI: -0.0963 ... 0.0401)	1172907.0	-0.0281	0.0348	0.0682079999999999	-0.0963 ... 0.0401	0.42	-0.0963079999999999	0.0401079999999999	1.0	0.0	0.0281	female	unadjust	testosterone_bioavailable_imputation_log	0.0896448	linear	joint	unadjust	testosterone_bioavailable_imputation_log
alcohol_quantity_no_ukb	primaries_against_testosterone_bioavailable_linear	30643251_liu_2019_alcohol_no_ukb	male_age_high_joint_1_testosterone_bioavailable_imputation_log	0.1418 (0.0655)	(rg: 0.1418; 95% CI: 0.0134 ... 0.2702)	1172907.0	0.1418	0.0655	0.12838	0.0134 ... 0.2702	0.0304	0.01342	0.27018	1.0	1.0	0.1418	male_age_high	joint_1	testosterone_bioavailable_imputation_log	0.16872800000000002	linear	joint	adjust	testosterone_bioavailable_imputation_log
alcohol_quantity_no_ukb	primaries_against_testosterone_bioavailable_linear	30643251_liu_2019_alcohol_no_ukb	male_age_high_unadjust_testosterone_bioavailable_imputation_log	0.142 (0.0633)	(rg: 0.142; 95% CI: 0.0179 ... 0.2661)	1172907.0	0.142	0.0633	0.1240679999999999	0.0179 ... 0.2661	0.0249	0.017932	0.2660679999999999	1.0	1.0	0.142	male_age_high	unadjust	testosterone_bioavailable_imputation_log	0.16306079999999998	linear	joint	unadjust	testosterone_bioavailable_imputation_log
alcohol_quantity_no_ukb	primaries_against_testosterone_bioavailable_linear	30643251_liu_2019_alcohol_no_ukb	male_age_low_joint_1_testosterone_bioavailable_imputation_log	0.1065 (0.0591)	(rg: 0.1065; 95% CI: -0.0093 ... 0.2223)	1172907.0	0.1065	0.0591	0.115836	-0.0093 ... 0.2223	0.0714	-0.0093359999999999	0.2223359999999999	1.0	0.0	0.1065	male_age_low	joint_1	testosterone_bioavailable_imputation_log	0.1522416	linear	joint	adjust	testosterone_bioavailable_imputation_log
alcohol_quantity_no_ukb	primaries_against_testosterone_bioavailable_linear	30643251_liu_2019_alcohol_no_ukb	male_age_low_unadjust_testosterone_bioavailable_imputation_log	0.1048 (0.0589)	(rg: 0.1048; 95% CI: -0.0106 ... 0.2202)	1172907.0	0.1048	0.0589	0.115444	-0.0106 ... 0.2202	0.0751	-0.010644	0.220244	1.0	0.0	0.1048	male_age_low	unadjust	testosterone_bioavailable_imputation_log	0.1517264	linear	joint	unadjust	testosterone_bioavailable_imputation_log
alcohol_quantity_no_ukb	primaries_against_testosterone_bioavailable_linear	30643251_liu_2019_alcohol_no_ukb	male_age_middle_joint_1_testosterone_bioavailable_imputation_log	0.0166 (0.0583)	(rg: 0.0166; 95% CI: -0.0977 ... 0.1309)	1172907.0	0.0166	0.0583	0.114268	-0.0977 ... 0.1309	0.7764	-0.0976679999999999	0.1308679999999999	1.0	0.0	0.0166	male_age_middle	joint_1	testosterone_bioavailable_imputation_log	0.1501808	linear	joint	adjust	testosterone_bioavailable_imputation_log
alcohol_quantity_no_ukb	primaries_against_testosterone_bioavailable_linear	30643251_liu_2019_alcohol_no_ukb	male_age_middle_unadjust_testosterone_bioavailable_imputation_log	0.0566 (0.0578)	(rg: 0.0566; 95% CI: -0.0567 ... 0.1699)	1172907.0	0.0566	0.0578	0.1132879999999999	-0.0567 ... 0.1699	0.328	-0.0566879999999999	0.1698879999999999	1.0	0.0	0.0566	male_age_middle	unadjust	testosterone_bioavailable_imputation_log	0.1488928	linear	joint	unadjust	testosterone_bioavailable_imputation_log
alcohol_quantity_no_ukb	primaries_against_testosterone_bioavailable_linear	30643251_liu_2019_alcohol_no_ukb	male_joint_1_testosterone_bioavailable_imputation_log	0.0826 (0.0385)	(rg: 0.0826; 95% CI: 0.0071 ... 0.1581)	1172907.0	0.0826	0.0385	0.07546	0.0071 ... 0.1581	0.032	0.00714	0.15806	1.0	1.0	0.0826	male	joint_1	testosterone_bioavailable_imputation_log	0.099176	linear	joint	adjust	testosterone_bioavailable_imputation_log
alcohol_quantity_no_ukb	primaries_against_testosterone_bioavailable_linear	30643251_liu_2019_alcohol_no_ukb	male_unadjust_testosterone_bioavailable_imputation_log	0.1018 (0.0407)	(rg: 0.1018; 95% CI: 0.022 ... 0.1816)	1172907.0	0.1018	0.0407	0.079772	0.022 ... 0.1816	0.0124	0.022028	0.181572	1.0	1.0	0.1018	male	unadjust	testosterone_bioavailable_imputation_log	0.1048432	linear	joint	unadjust	testosterone_bioavailable_imputation_log
alcohol_quantity_no_ukb	primaries_against_oestradiol_linear	30643251_liu_2019_alcohol_no_ukb	female_joint_1_oestradiol_log	nan (nan)	(rg: nan; 95% CI: nan ... nan)	1172907.0	nan	nan	nan	nan ... nan	nan	nan	nan	nan	nan	nan	female	joint_1	oestradiol_log	nan	linear	joint	adjust	oestradiol_log
alcohol_quantity_no_ukb	primaries_against_oestradiol_linear	30643251_liu_2019_alcohol_no_ukb	female_menstruation_regular_joint_1_oestradiol_imputation	-0.0919 (0.1489)	(rg: -0.0919; 95% CI: -0.3837 ... 0.1999)	1172907.0	-0.0919	0.1489	0.291844	-0.3837 ... 0.1999	0.5371	-0.383744	0.199944	1.0	0.0	0.0919	female_menstruation_regular	joint_1	oestradiol_imputation	0.38356640000000003	linear	joint	adjust	oestradiol_imputation
alcohol_quantity_no_ukb	primaries_against_oestradiol_linear	30643251_liu_2019_alcohol_no_ukb	female_menstruation_regular_joint_1_oestradiol_imputation_log	-0.237 (0.1716)	(rg: -0.237; 95% CI: -0.5733 ... 0.0993)	1172907.0	-0.237	0.1716	0.336336	-0.5733 ... 0.0993	0.1672	-0.5733360000000001	0.099336	1.0	0.0	0.237	female_menstruation_regular	joint_1	oestradiol_imputation_log	0.44204160000000003	linear	joint	adjust	oestradiol_imputation_log
alcohol_quantity_no_ukb	primaries_against_oestradiol_linear	30643251_liu_2019_alcohol_no_ukb	female_menstruation_regular_joint_1_oestradiol_log	0.2302 (0.3184)	(rg: 0.2302; 95% CI: -0.3939 ... 0.8543)	1172907.0	0.2302	0.3184	0.6240640000000001	-0.3939 ... 0.8543	0.4697	-0.3938640000000001	0.854264	1.0	0.0	0.2302	female_menstruation_regular	joint_1	oestradiol_log	0.8201984000000001	linear	joint	adjust	oestradiol_log
alcohol_quantity_no_ukb	primaries_against_oestradiol_linear	30643251_liu_2019_alcohol_no_ukb	female_menstruation_regular_unadjust_oestradiol_imputation	-0.0241 (0.1446)	(rg: -0.0241; 95% CI: -0.3075 ... 0.2593)	1172907.0	-0.0241	0.1446	0.283416	-0.3075 ... 0.2593	0.8678	-0.307516	0.259316	1.0	0.0	0.0241	female_menstruation_regular	unadjust	oestradiol_imputation	0.37248960000000003	linear	joint	unadjust	oestradiol_imputation
alcohol_quantity_no_ukb	primaries_against_oestradiol_linear	30643251_liu_2019_alcohol_no_ukb	female_menstruation_regular_unadjust_oestradiol_imputation_log	-0.1091 (0.1277)	(rg: -0.1091; 95% CI: -0.3594 ... 0.1412)	1172907.0	-0.1091	0.1277	0.250292	-0.3594 ... 0.1412	0.3927	-0.359392	0.141192	1.0	0.0	0.1091	female_menstruation_regular	unadjust	oestradiol_imputation_log	0.3289552	linear	joint	unadjust	oestradiol_imputation_log
alcohol_quantity_no_ukb	primaries_against_oestradiol_linear	30643251_liu_2019_alcohol_no_ukb	female_menstruation_regular_unadjust_oestradiol_log	0.2401 (0.2332)	(rg: 0.2401; 95% CI: -0.217 ... 0.6972)	1172907.0	0.2401	0.2332	0.457072	-0.217 ... 0.6972	0.3032	-0.2169719999999999	0.697172	1.0	0.0	0.2401	female_menstruation_regular	unadjust	oestradiol_log	0.6007232	linear	joint	unadjust	oestradiol_log
alcohol_quantity_no_ukb	primaries_against_oestradiol_linear	30643251_liu_2019_alcohol_no_ukb	female_perimenopause_joint_1_oestradiol_imputation	0.0806 (0.1485)	(rg: 0.0806; 95% CI: -0.2105 ... 0.3717)	1172907.0	0.0806	0.1485	0.29106	-0.2105 ... 0.3717	0.5873	-0.2104599999999999	0.37166	1.0	0.0	0.0806	female_perimenopause	joint_1	oestradiol_imputation	0.382536	linear	joint	adjust	oestradiol_imputation
alcohol_quantity_no_ukb	primaries_against_oestradiol_linear	30643251_liu_2019_alcohol_no_ukb	female_perimenopause_joint_1_oestradiol_imputation_log	0.056 (0.1092)	(rg: 0.056; 95% CI: -0.158 ... 0.27)	1172907.0	0.056	0.1092	0.214032	-0.158 ... 0.27	0.6084	-0.158032	0.270032	1.0	0.0	0.056	female_perimenopause	joint_1	oestradiol_imputation_log	0.2812992	linear	joint	adjust	oestradiol_imputation_log
alcohol_quantity_no_ukb	primaries_against_oestradiol_linear	30643251_liu_2019_alcohol_no_ukb	female_perimenopause_joint_1_oestradiol_log	0.1112 (0.3101)	(rg: 0.1112; 95% CI: -0.4966 ... 0.719)	1172907.0	0.1112	0.3101	0.607796	-0.4966 ... 0.719	0.7199	-0.496596	0.718996	1.0	0.0	0.1112	female_perimenopause	joint_1	oestradiol_log	0.7988176	linear	joint	adjust	oestradiol_log
alcohol_quantity_no_ukb	primaries_against_oestradiol_linear	30643251_liu_2019_alcohol_no_ukb	female_perimenopause_unadjust_oestradiol_imputation	0.1194 (0.1427)	(rg: 0.1194; 95% CI: -0.1603 ... 0.3991)	1172907.0	0.1194	0.1427	0.279692	-0.1603 ... 0.3991	0.4027	-0.160292	0.399092	1.0	0.0	0.1194	female_perimenopause	unadjust	oestradiol_imputation	0.3675952	linear	joint	unadjust	oestradiol_imputation
alcohol_quantity_no_ukb	primaries_against_oestradiol_linear	30643251_liu_2019_alcohol_no_ukb	female_perimenopause_unadjust_oestradiol_imputation_log	0.1149 (0.1086)	(rg: 0.1149; 95% CI: -0.098 ... 0.3278)	1172907.0	0.1149	0.1086	0.212856	-0.098 ... 0.3278	0.2899	-0.0979559999999999	0.327756	1.0	0.0	0.1149	female_perimenopause	unadjust	oestradiol_imputation_log	0.2797536	linear	joint	unadjust	oestradiol_imputation_log
alcohol_quantity_no_ukb	primaries_against_oestradiol_linear	30643251_liu_2019_alcohol_no_ukb	female_perimenopause_unadjust_oestradiol_log	0.1756 (0.2948)	(rg: 0.1756; 95% CI: -0.4022 ... 0.7534)	1172907.0	0.1756	0.2948	0.577808	-0.4022 ... 0.7534	0.5515	-0.402208	0.753408	1.0	0.0	0.1756	female_perimenopause	unadjust	oestradiol_log	0.7594048	linear	joint	unadjust	oestradiol_log
alcohol_quantity_no_ukb	primaries_against_oestradiol_linear	30643251_liu_2019_alcohol_no_ukb	female_postmenopause_joint_1_oestradiol_log	0.241 (0.3255)	(rg: 0.241; 95% CI: -0.397 ... 0.879)	1172907.0	0.241	0.3255	0.63798	-0.397 ... 0.879	0.4591	-0.39698	0.87898	1.0	0.0	0.241	female_postmenopause	joint_1	oestradiol_log	0.838488	linear	joint	adjust	oestradiol_log
alcohol_quantity_no_ukb	primaries_against_oestradiol_linear	30643251_liu_2019_alcohol_no_ukb	female_postmenopause_unadjust_oestradiol_log	0.2952 (0.3734)	(rg: 0.2952; 95% CI: -0.4367 ... 1.0271)	1172907.0	0.2952	0.3734	0.731864	-0.4367 ... 1.0271	0.4292	-0.4366639999999999	1.027064	0.0	0.0	0.2952	female_postmenopause	unadjust	oestradiol_log	0.9618784	linear	joint	unadjust	oestradiol_log
alcohol_quantity_no_ukb	primaries_against_oestradiol_linear	30643251_liu_2019_alcohol_no_ukb	female_premenopause_joint_1_oestradiol_imputation	-0.1472 (0.1637)	(rg: -0.1472; 95% CI: -0.4681 ... 0.1737)	1172907.0	-0.1472	0.1637	0.320852	-0.4681 ... 0.1737	0.3686	-0.468052	0.173652	1.0	0.0	0.1472	female_premenopause	joint_1	oestradiol_imputation	0.42169120000000004	linear	joint	adjust	oestradiol_imputation
alcohol_quantity_no_ukb	primaries_against_oestradiol_linear	30643251_liu_2019_alcohol_no_ukb	female_premenopause_joint_1_oestradiol_imputation_log	-0.3141 (0.2253)	(rg: -0.3141; 95% CI: -0.7557 ... 0.1275)	1172907.0	-0.3141	0.2253	0.441588	-0.7557 ... 0.1275	0.1633	-0.7556879999999999	0.127488	1.0	0.0	0.3141	female_premenopause	joint_1	oestradiol_imputation_log	0.5803728	linear	joint	adjust	oestradiol_imputation_log
alcohol_quantity_no_ukb	primaries_against_oestradiol_linear	30643251_liu_2019_alcohol_no_ukb	female_premenopause_joint_1_oestradiol_log	nan (nan)	(rg: nan; 95% CI: nan ... nan)	1172907.0	nan	nan	nan	nan ... nan	nan	nan	nan	nan	nan	nan	female_premenopause	joint_1	oestradiol_log	nan	linear	joint	adjust	oestradiol_log
alcohol_quantity_no_ukb	primaries_against_oestradiol_linear	30643251_liu_2019_alcohol_no_ukb	female_premenopause_unadjust_oestradiol_imputation	-0.1858 (0.3586)	(rg: -0.1858; 95% CI: -0.8887 ... 0.5171)	1172907.0	-0.1858	0.3586	0.7028559999999999	-0.8887 ... 0.5171	0.6044	-0.8886559999999999	0.517056	1.0	0.0	0.1858	female_premenopause	unadjust	oestradiol_imputation	0.9237536	linear	joint	unadjust	oestradiol_imputation
alcohol_quantity_no_ukb	primaries_against_oestradiol_linear	30643251_liu_2019_alcohol_no_ukb	female_premenopause_unadjust_oestradiol_imputation_log	-0.0619 (0.1172)	(rg: -0.0619; 95% CI: -0.2916 ... 0.1678)	1172907.0	-0.0619	0.1172	0.229712	-0.2916 ... 0.1678	0.5973	-0.291612	0.167812	1.0	0.0	0.0619	female_premenopause	unadjust	oestradiol_imputation_log	0.3019072	linear	joint	unadjust	oestradiol_imputation_log
alcohol_quantity_no_ukb	primaries_against_oestradiol_linear	30643251_liu_2019_alcohol_no_ukb	female_premenopause_unadjust_oestradiol_log	nan (nan)	(rg: nan; 95% CI: nan ... nan)	1172907.0	nan	nan	nan	nan ... nan	nan	nan	nan	nan	nan	nan	female_premenopause	unadjust	oestradiol_log	nan	linear	joint	unadjust	oestradiol_log
alcohol_quantity_no_ukb	primaries_against_oestradiol_linear	30643251_liu_2019_alcohol_no_ukb	female_unadjust_oestradiol_log	nan (nan)	(rg: nan; 95% CI: nan ... nan)	1172907.0	nan	nan	nan	nan ... nan	nan	nan	nan	nan	nan	nan	female	unadjust	oestradiol_log	nan	linear	joint	unadjust	oestradiol_log
alcohol_quantity_no_ukb	primaries_against_oestradiol_linear	30643251_liu_2019_alcohol_no_ukb	male_age_high_joint_1_oestradiol_log	-0.3622 (0.1797)	(rg: -0.3622; 95% CI: -0.7144 ... -0.01)	1172906.0	-0.3622	0.1797	0.3522119999999999	-0.7144 ... -0.01	0.0439	-0.714412	-0.009988	1.0	1.0	0.3622	male_age_high	joint_1	oestradiol_log	0.4629072	linear	joint	adjust	oestradiol_log
alcohol_quantity_no_ukb	primaries_against_oestradiol_linear	30643251_liu_2019_alcohol_no_ukb	male_age_high_unadjust_oestradiol_log	-0.3339 (0.1766)	(rg: -0.3339; 95% CI: -0.68 ... 0.0122)	1172906.0	-0.3339	0.1766	0.346136	-0.68 ... 0.0122	0.0587	-0.680036	0.012236	1.0	0.0	0.3339	male_age_high	unadjust	oestradiol_log	0.45492160000000004	linear	joint	unadjust	oestradiol_log
alcohol_quantity_no_ukb	primaries_against_oestradiol_linear	30643251_liu_2019_alcohol_no_ukb	male_age_low_joint_1_oestradiol_log	0.5299 (1.0893)	(rg: 0.5299; 95% CI: -1.6051 ... 2.6649)	1172905.0	0.5299	1.0893	2.135028	-1.6051 ... 2.6649	0.6267	-1.6051279999999997	2.664928	0.0	0.0	0.5299	male_age_low	joint_1	oestradiol_log	2.8060367999999998	linear	joint	adjust	oestradiol_log
alcohol_quantity_no_ukb	primaries_against_oestradiol_linear	30643251_liu_2019_alcohol_no_ukb	male_age_low_unadjust_oestradiol_log	0.3576 (0.4214)	(rg: 0.3576; 95% CI: -0.4683 ... 1.1835)	1172905.0	0.3576	0.4214	0.825944	-0.4683 ... 1.1835	0.3961	-0.468344	1.183544	0.0	0.0	0.3576	male_age_low	unadjust	oestradiol_log	1.0855264	linear	joint	unadjust	oestradiol_log
alcohol_quantity_no_ukb	primaries_against_oestradiol_linear	30643251_liu_2019_alcohol_no_ukb	male_age_middle_joint_1_oestradiol_log	0.1311 (0.1636)	(rg: 0.1311; 95% CI: -0.1896 ... 0.4518)	1172905.0	0.1311	0.1636	0.320656	-0.1896 ... 0.4518	0.4231	-0.189556	0.451756	1.0	0.0	0.1311	male_age_middle	joint_1	oestradiol_log	0.4214336	linear	joint	adjust	oestradiol_log
alcohol_quantity_no_ukb	primaries_against_oestradiol_linear	30643251_liu_2019_alcohol_no_ukb	male_age_middle_unadjust_oestradiol_log	0.1078 (0.1335)	(rg: 0.1078; 95% CI: -0.1539 ... 0.3695)	1172905.0	0.1078	0.1335	0.26166	-0.1539 ... 0.3695	0.4194	-0.15386	0.36946	1.0	0.0	0.1078	male_age_middle	unadjust	oestradiol_log	0.34389600000000003	linear	joint	unadjust	oestradiol_log
alcohol_quantity_no_ukb	primaries_against_oestradiol_linear	30643251_liu_2019_alcohol_no_ukb	male_joint_1_oestradiol_log	0.0263 (0.1236)	(rg: 0.0263; 95% CI: -0.216 ... 0.2686)	1172907.0	0.0263	0.1236	0.242256	-0.216 ... 0.2686	0.8316	-0.215956	0.268556	1.0	0.0	0.0263	male	joint_1	oestradiol_log	0.3183936	linear	joint	adjust	oestradiol_log
alcohol_quantity_no_ukb	primaries_against_oestradiol_linear	30643251_liu_2019_alcohol_no_ukb	male_unadjust_oestradiol_log	0.0263 (0.1154)	(rg: 0.0263; 95% CI: -0.1999 ... 0.2525)	1172907.0	0.0263	0.1154	0.226184	-0.1999 ... 0.2525	0.8197	-0.199884	0.252484	1.0	0.0	0.0263	male	unadjust	oestradiol_log	0.2972704	linear	joint	unadjust	oestradiol_log
alcohol_quantity_no_ukb	primaries_against_testosterone_linear	30643251_liu_2019_alcohol_no_ukb	female_joint_1_testosterone_imputation	0.0289 (0.037)	(rg: 0.0289; 95% CI: -0.0436 ... 0.1014)	1172907.0	0.0289	0.037	0.07252	-0.0436 ... 0.1014	0.4345	-0.04362	0.10142	1.0	0.0	0.0289	female	joint_1	testosterone_imputation	0.095312	linear	joint	adjust	testosterone_imputation
alcohol_quantity_no_ukb	primaries_against_testosterone_linear	30643251_liu_2019_alcohol_no_ukb	female_joint_1_testosterone_imputation_log	0.0393 (0.0386)	(rg: 0.0393; 95% CI: -0.0364 ... 0.115)	1172907.0	0.0393	0.0386	0.075656	-0.0364 ... 0.115	0.3083	-0.036356	0.114956	1.0	0.0	0.0393	female	joint_1	testosterone_imputation_log	0.09943360000000001	linear	joint	adjust	testosterone_imputation_log
alcohol_quantity_no_ukb	primaries_against_testosterone_linear	30643251_liu_2019_alcohol_no_ukb	female_joint_1_testosterone_log	-0.0128 (0.0393)	(rg: -0.0128; 95% CI: -0.0898 ... 0.0642)	1172907.0	-0.0128	0.0393	0.077028	-0.0898 ... 0.0642	0.7456	-0.089828	0.064228	1.0	0.0	0.0128	female	joint_1	testosterone_log	0.1012368	linear	joint	adjust	testosterone_log
alcohol_quantity_no_ukb	primaries_against_testosterone_linear	30643251_liu_2019_alcohol_no_ukb	female_menstruation_regular_joint_1_testosterone_imputation	0.0678 (0.0738)	(rg: 0.0678; 95% CI: -0.0768 ... 0.2124)	1172907.0	0.0678	0.0738	0.144648	-0.0768 ... 0.2124	0.3587	-0.076848	0.212448	1.0	0.0	0.0678	female_menstruation_regular	joint_1	testosterone_imputation	0.19010880000000002	linear	joint	adjust	testosterone_imputation
alcohol_quantity_no_ukb	primaries_against_testosterone_linear	30643251_liu_2019_alcohol_no_ukb	female_menstruation_regular_joint_1_testosterone_imputation_log	0.0452 (0.0764)	(rg: 0.0452; 95% CI: -0.1045 ... 0.1949)	1172907.0	0.0452	0.0764	0.149744	-0.1045 ... 0.1949	0.5547	-0.104544	0.1949439999999999	1.0	0.0	0.0452	female_menstruation_regular	joint_1	testosterone_imputation_log	0.1968064	linear	joint	adjust	testosterone_imputation_log
alcohol_quantity_no_ukb	primaries_against_testosterone_linear	30643251_liu_2019_alcohol_no_ukb	female_menstruation_regular_joint_1_testosterone_log	-0.0027 (0.0842)	(rg: -0.0027; 95% CI: -0.1677 ... 0.1623)	1172907.0	-0.0027	0.0842	0.1650319999999999	-0.1677 ... 0.1623	0.9741	-0.167732	0.1623319999999999	1.0	0.0	0.0027	female_menstruation_regular	joint_1	testosterone_log	0.2168992	linear	joint	adjust	testosterone_log
alcohol_quantity_no_ukb	primaries_against_testosterone_linear	30643251_liu_2019_alcohol_no_ukb	female_menstruation_regular_unadjust_testosterone_imputation	0.0718 (0.0705)	(rg: 0.0718; 95% CI: -0.0664 ... 0.21)	1172907.0	0.0718	0.0705	0.13818	-0.0664 ... 0.21	0.3089	-0.06638	0.20998	1.0	0.0	0.0718	female_menstruation_regular	unadjust	testosterone_imputation	0.181608	linear	joint	unadjust	testosterone_imputation
alcohol_quantity_no_ukb	primaries_against_testosterone_linear	30643251_liu_2019_alcohol_no_ukb	female_menstruation_regular_unadjust_testosterone_imputation_log	0.0316 (0.076)	(rg: 0.0316; 95% CI: -0.1174 ... 0.1806)	1172907.0	0.0316	0.076	0.1489599999999999	-0.1174 ... 0.1806	0.6776	-0.1173599999999999	0.18056	1.0	0.0	0.0316	female_menstruation_regular	unadjust	testosterone_imputation_log	0.195776	linear	joint	unadjust	testosterone_imputation_log
alcohol_quantity_no_ukb	primaries_against_testosterone_linear	30643251_liu_2019_alcohol_no_ukb	female_menstruation_regular_unadjust_testosterone_log	0.0112 (0.0837)	(rg: 0.0112; 95% CI: -0.1529 ... 0.1753)	1172907.0	0.0112	0.0837	0.164052	-0.1529 ... 0.1753	0.8939	-0.152852	0.175252	1.0	0.0	0.0112	female_menstruation_regular	unadjust	testosterone_log	0.2156112	linear	joint	unadjust	testosterone_log
alcohol_quantity_no_ukb	primaries_against_testosterone_linear	30643251_liu_2019_alcohol_no_ukb	female_perimenopause_joint_1_testosterone_imputation	0.1528 (0.0764)	(rg: 0.1528; 95% CI: 0.0031 ... 0.3025)	1172907.0	0.1528	0.0764	0.149744	0.0031 ... 0.3025	0.0454	0.003056	0.302544	1.0	1.0	0.1528	female_perimenopause	joint_1	testosterone_imputation	0.1968064	linear	joint	adjust	testosterone_imputation
alcohol_quantity_no_ukb	primaries_against_testosterone_linear	30643251_liu_2019_alcohol_no_ukb	female_perimenopause_joint_1_testosterone_imputation_log	0.2163 (0.0719)	(rg: 0.2163; 95% CI: 0.0754 ... 0.3572)	1172907.0	0.2163	0.0719	0.140924	0.0754 ... 0.3572	0.0026	0.0753759999999999	0.357224	1.0	1.0	0.2163	female_perimenopause	joint_1	testosterone_imputation_log	0.18521440000000003	linear	joint	adjust	testosterone_imputation_log
alcohol_quantity_no_ukb	primaries_against_testosterone_linear	30643251_liu_2019_alcohol_no_ukb	female_perimenopause_joint_1_testosterone_log	0.1088 (0.1071)	(rg: 0.1088; 95% CI: -0.1011 ... 0.3187)	1172907.0	0.1088	0.1071	0.209916	-0.1011 ... 0.3187	0.3099	-0.101116	0.318716	1.0	0.0	0.1088	female_perimenopause	joint_1	testosterone_log	0.2758896	linear	joint	adjust	testosterone_log
alcohol_quantity_no_ukb	primaries_against_testosterone_linear	30643251_liu_2019_alcohol_no_ukb	female_perimenopause_unadjust_testosterone_imputation	0.1415 (0.0761)	(rg: 0.1415; 95% CI: -0.0077 ... 0.2907)	1172907.0	0.1415	0.0761	0.149156	-0.0077 ... 0.2907	0.0631	-0.007656	0.290656	1.0	0.0	0.1415	female_perimenopause	unadjust	testosterone_imputation	0.1960336	linear	joint	unadjust	testosterone_imputation
alcohol_quantity_no_ukb	primaries_against_testosterone_linear	30643251_liu_2019_alcohol_no_ukb	female_perimenopause_unadjust_testosterone_imputation_log	0.2055 (0.0711)	(rg: 0.2055; 95% CI: 0.0661 ... 0.3449)	1172907.0	0.2055	0.0711	0.1393559999999999	0.0661 ... 0.3449	0.0039	0.066144	0.3448559999999999	1.0	1.0	0.2055	female_perimenopause	unadjust	testosterone_imputation_log	0.1831536	linear	joint	unadjust	testosterone_imputation_log
alcohol_quantity_no_ukb	primaries_against_testosterone_linear	30643251_liu_2019_alcohol_no_ukb	female_perimenopause_unadjust_testosterone_log	0.0924 (0.1093)	(rg: 0.0924; 95% CI: -0.1218 ... 0.3066)	1172907.0	0.0924	0.1093	0.2142279999999999	-0.1218 ... 0.3066	0.398	-0.1218279999999999	0.3066279999999999	1.0	0.0	0.0924	female_perimenopause	unadjust	testosterone_log	0.2815568	linear	joint	unadjust	testosterone_log
alcohol_quantity_no_ukb	primaries_against_testosterone_linear	30643251_liu_2019_alcohol_no_ukb	female_postmenopause_joint_1_testosterone_imputation	-0.0053 (0.0403)	(rg: -0.0053; 95% CI: -0.0843 ... 0.0737)	1172907.0	-0.0053	0.0403	0.078988	-0.0843 ... 0.0737	0.8949	-0.084288	0.073688	1.0	0.0	0.0053	female_postmenopause	joint_1	testosterone_imputation	0.10381280000000001	linear	joint	adjust	testosterone_imputation
alcohol_quantity_no_ukb	primaries_against_testosterone_linear	30643251_liu_2019_alcohol_no_ukb	female_postmenopause_joint_1_testosterone_imputation_log	0.0135 (0.0398)	(rg: 0.0135; 95% CI: -0.0645 ... 0.0915)	1172907.0	0.0135	0.0398	0.078008	-0.0645 ... 0.0915	0.7349	-0.064508	0.091508	1.0	0.0	0.0135	female_postmenopause	joint_1	testosterone_imputation_log	0.10252480000000001	linear	joint	adjust	testosterone_imputation_log
alcohol_quantity_no_ukb	primaries_against_testosterone_linear	30643251_liu_2019_alcohol_no_ukb	female_postmenopause_joint_1_testosterone_log	-0.0183 (0.0447)	(rg: -0.0183; 95% CI: -0.1059 ... 0.0693)	1172907.0	-0.0183	0.0447	0.087612	-0.1059 ... 0.0693	0.6821	-0.1059119999999999	0.069312	1.0	0.0	0.0183	female_postmenopause	joint_1	testosterone_log	0.11514719999999999	linear	joint	adjust	testosterone_log
alcohol_quantity_no_ukb	primaries_against_testosterone_linear	30643251_liu_2019_alcohol_no_ukb	female_postmenopause_unadjust_testosterone_imputation	-0.0289 (0.0404)	(rg: -0.0289; 95% CI: -0.1081 ... 0.0503)	1172907.0	-0.0289	0.0404	0.0791839999999999	-0.1081 ... 0.0503	0.4736	-0.1080839999999999	0.0502839999999999	1.0	0.0	0.0289	female_postmenopause	unadjust	testosterone_imputation	0.1040704	linear	joint	unadjust	testosterone_imputation
alcohol_quantity_no_ukb	primaries_against_testosterone_linear	30643251_liu_2019_alcohol_no_ukb	female_postmenopause_unadjust_testosterone_imputation_log	-0.0081 (0.0397)	(rg: -0.0081; 95% CI: -0.0859 ... 0.0697)	1172907.0	-0.0081	0.0397	0.0778119999999999	-0.0859 ... 0.0697	0.8379	-0.0859119999999999	0.069712	1.0	0.0	0.0081	female_postmenopause	unadjust	testosterone_imputation_log	0.1022672	linear	joint	unadjust	testosterone_imputation_log
alcohol_quantity_no_ukb	primaries_against_testosterone_linear	30643251_liu_2019_alcohol_no_ukb	female_postmenopause_unadjust_testosterone_log	-0.0438 (0.0437)	(rg: -0.0438; 95% CI: -0.1295 ... 0.0419)	1172907.0	-0.0438	0.0437	0.085652	-0.1295 ... 0.0419	0.3165	-0.129452	0.041852	1.0	0.0	0.0438	female_postmenopause	unadjust	testosterone_log	0.11257120000000001	linear	joint	unadjust	testosterone_log
alcohol_quantity_no_ukb	primaries_against_testosterone_linear	30643251_liu_2019_alcohol_no_ukb	female_premenopause_joint_1_testosterone_imputation	0.0799 (0.0788)	(rg: 0.0799; 95% CI: -0.0745 ... 0.2343)	1172907.0	0.0799	0.0788	0.1544479999999999	-0.0745 ... 0.2343	0.3103	-0.0745479999999999	0.2343479999999999	1.0	0.0	0.0799	female_premenopause	joint_1	testosterone_imputation	0.2029888	linear	joint	adjust	testosterone_imputation
alcohol_quantity_no_ukb	primaries_against_testosterone_linear	30643251_liu_2019_alcohol_no_ukb	female_premenopause_joint_1_testosterone_imputation_log	0.0343 (0.0787)	(rg: 0.0343; 95% CI: -0.12 ... 0.1886)	1172907.0	0.0343	0.0787	0.154252	-0.12 ... 0.1886	0.6632	-0.119952	0.188552	1.0	0.0	0.0343	female_premenopause	joint_1	testosterone_imputation_log	0.20273120000000003	linear	joint	adjust	testosterone_imputation_log
alcohol_quantity_no_ukb	primaries_against_testosterone_linear	30643251_liu_2019_alcohol_no_ukb	female_premenopause_joint_1_testosterone_log	-0.0552 (0.1053)	(rg: -0.0552; 95% CI: -0.2616 ... 0.1512)	1172907.0	-0.0552	0.1053	0.206388	-0.2616 ... 0.1512	0.6003	-0.261588	0.151188	1.0	0.0	0.0552	female_premenopause	joint_1	testosterone_log	0.2712528	linear	joint	adjust	testosterone_log
alcohol_quantity_no_ukb	primaries_against_testosterone_linear	30643251_liu_2019_alcohol_no_ukb	female_premenopause_unadjust_testosterone_imputation	0.1106 (0.0658)	(rg: 0.1106; 95% CI: -0.0184 ... 0.2396)	1172907.0	0.1106	0.0658	0.128968	-0.0184 ... 0.2396	0.093	-0.0183679999999999	0.239568	1.0	0.0	0.1106	female_premenopause	unadjust	testosterone_imputation	0.1695008	linear	joint	unadjust	testosterone_imputation
alcohol_quantity_no_ukb	primaries_against_testosterone_linear	30643251_liu_2019_alcohol_no_ukb	female_premenopause_unadjust_testosterone_imputation_log	0.0586 (0.0708)	(rg: 0.0586; 95% CI: -0.0802 ... 0.1974)	1172907.0	0.0586	0.0708	0.138768	-0.0802 ... 0.1974	0.4085	-0.080168	0.197368	1.0	0.0	0.0586	female_premenopause	unadjust	testosterone_imputation_log	0.1823808	linear	joint	unadjust	testosterone_imputation_log
alcohol_quantity_no_ukb	primaries_against_testosterone_linear	30643251_liu_2019_alcohol_no_ukb	female_premenopause_unadjust_testosterone_log	0.0083 (0.0821)	(rg: 0.0083; 95% CI: -0.1526 ... 0.1692)	1172907.0	0.0083	0.0821	0.160916	-0.1526 ... 0.1692	0.919	-0.152616	0.169216	1.0	0.0	0.0083	female_premenopause	unadjust	testosterone_log	0.21148960000000003	linear	joint	unadjust	testosterone_log
alcohol_quantity_no_ukb	primaries_against_testosterone_linear	30643251_liu_2019_alcohol_no_ukb	female_unadjust_testosterone_imputation	-7.5009e-05 (0.0371)	(rg: -7.5009e-05; 95% CI: -0.0728 ... 0.0726)	1172907.0	-7.5009e-05	0.0371	0.072716	-0.0728 ... 0.0726	0.9984	-0.072791009	0.072640991	1.0	0.0	7.5009e-05	female	unadjust	testosterone_imputation	0.0955696	linear	joint	unadjust	testosterone_imputation
alcohol_quantity_no_ukb	primaries_against_testosterone_linear	30643251_liu_2019_alcohol_no_ukb	female_unadjust_testosterone_imputation_log	0.0154 (0.0387)	(rg: 0.0154; 95% CI: -0.0605 ... 0.0913)	1172907.0	0.0154	0.0387	0.0758519999999999	-0.0605 ... 0.0913	0.6916	-0.0604519999999999	0.0912519999999999	1.0	0.0	0.0154	female	unadjust	testosterone_imputation_log	0.0996912	linear	joint	unadjust	testosterone_imputation_log
alcohol_quantity_no_ukb	primaries_against_testosterone_linear	30643251_liu_2019_alcohol_no_ukb	female_unadjust_testosterone_log	-0.0239 (0.039)	(rg: -0.0239; 95% CI: -0.1003 ... 0.0525)	1172907.0	-0.0239	0.039	0.07644	-0.1003 ... 0.0525	0.5399	-0.10034	0.0525399999999999	1.0	0.0	0.0239	female	unadjust	testosterone_log	0.100464	linear	joint	unadjust	testosterone_log
alcohol_quantity_no_ukb	primaries_against_testosterone_linear	30643251_liu_2019_alcohol_no_ukb	male_age_high_joint_1_testosterone_imputation_log	0.1667 (0.0599)	(rg: 0.1667; 95% CI: 0.0493 ... 0.2841)	1172907.0	0.1667	0.0599	0.117404	0.0493 ... 0.2841	0.0054	0.0492959999999999	0.284104	1.0	1.0	0.1667	male_age_high	joint_1	testosterone_imputation_log	0.1543024	linear	joint	adjust	testosterone_imputation_log
alcohol_quantity_no_ukb	primaries_against_testosterone_linear	30643251_liu_2019_alcohol_no_ukb	male_age_high_joint_1_testosterone_log	0.0966 (0.0485)	(rg: 0.0966; 95% CI: 0.0015 ... 0.1917)	1172907.0	0.0966	0.0485	0.09506	0.0015 ... 0.1917	0.0463	0.0015399999999999	0.19166	1.0	1.0	0.0966	male_age_high	joint_1	testosterone_log	0.124936	linear	joint	adjust	testosterone_log
alcohol_quantity_no_ukb	primaries_against_testosterone_linear	30643251_liu_2019_alcohol_no_ukb	male_age_high_unadjust_testosterone_imputation_log	0.1622 (0.0592)	(rg: 0.1622; 95% CI: 0.0462 ... 0.2782)	1172907.0	0.1622	0.0592	0.116032	0.0462 ... 0.2782	0.0061	0.046168	0.278232	1.0	1.0	0.1622	male_age_high	unadjust	testosterone_imputation_log	0.1524992	linear	joint	unadjust	testosterone_imputation_log
alcohol_quantity_no_ukb	primaries_against_testosterone_linear	30643251_liu_2019_alcohol_no_ukb	male_age_high_unadjust_testosterone_log	0.0962 (0.0487)	(rg: 0.0962; 95% CI: 0.0007 ... 0.1917)	1172907.0	0.0962	0.0487	0.095452	0.0007 ... 0.1917	0.0482	0.0007479999999999	0.191652	1.0	1.0	0.0962	male_age_high	unadjust	testosterone_log	0.1254512	linear	joint	unadjust	testosterone_log
alcohol_quantity_no_ukb	primaries_against_testosterone_linear	30643251_liu_2019_alcohol_no_ukb	male_age_low_joint_1_testosterone_imputation	0.0898 (0.0437)	(rg: 0.0898; 95% CI: 0.0041 ... 0.1755)	1172907.0	0.0898	0.0437	0.085652	0.0041 ... 0.1755	0.04	0.0041479999999999	0.175452	1.0	1.0	0.0898	male_age_low	joint_1	testosterone_imputation	0.11257120000000001	linear	joint	adjust	testosterone_imputation
alcohol_quantity_no_ukb	primaries_against_testosterone_linear	30643251_liu_2019_alcohol_no_ukb	male_age_low_joint_1_testosterone_imputation_log	0.1169 (0.0459)	(rg: 0.1169; 95% CI: 0.0269 ... 0.2069)	1172907.0	0.1169	0.0459	0.089964	0.0269 ... 0.2069	0.011	0.026936	0.206864	1.0	1.0	0.1169	male_age_low	joint_1	testosterone_imputation_log	0.11823840000000001	linear	joint	adjust	testosterone_imputation_log
alcohol_quantity_no_ukb	primaries_against_testosterone_linear	30643251_liu_2019_alcohol_no_ukb	male_age_low_joint_1_testosterone_log	0.1178 (0.0434)	(rg: 0.1178; 95% CI: 0.0327 ... 0.2029)	1172907.0	0.1178	0.0434	0.085064	0.0327 ... 0.2029	0.0066	0.032736	0.202864	1.0	1.0	0.1178	male_age_low	joint_1	testosterone_log	0.1117984	linear	joint	adjust	testosterone_log
alcohol_quantity_no_ukb	primaries_against_testosterone_linear	30643251_liu_2019_alcohol_no_ukb	male_age_low_unadjust_testosterone_imputation	0.1172 (0.0449)	(rg: 0.1172; 95% CI: 0.0292 ... 0.2052)	1172907.0	0.1172	0.0449	0.088004	0.0292 ... 0.2052	0.009	0.029196	0.205204	1.0	1.0	0.1172	male_age_low	unadjust	testosterone_imputation	0.11566240000000001	linear	joint	unadjust	testosterone_imputation
alcohol_quantity_no_ukb	primaries_against_testosterone_linear	30643251_liu_2019_alcohol_no_ukb	male_age_low_unadjust_testosterone_imputation_log	0.1343 (0.0462)	(rg: 0.1343; 95% CI: 0.0437 ... 0.2249)	1172907.0	0.1343	0.0462	0.090552	0.0437 ... 0.2249	0.0036	0.043748	0.224852	1.0	1.0	0.1343	male_age_low	unadjust	testosterone_imputation_log	0.1190112	linear	joint	unadjust	testosterone_imputation_log
alcohol_quantity_no_ukb	primaries_against_testosterone_linear	30643251_liu_2019_alcohol_no_ukb	male_age_low_unadjust_testosterone_log	0.1357 (0.0454)	(rg: 0.1357; 95% CI: 0.0467 ... 0.2247)	1172907.0	0.1357	0.0454	0.088984	0.0467 ... 0.2247	0.0028	0.0467159999999999	0.224684	1.0	1.0	0.1357	male_age_low	unadjust	testosterone_log	0.11695040000000001	linear	joint	unadjust	testosterone_log
alcohol_quantity_no_ukb	primaries_against_testosterone_linear	30643251_liu_2019_alcohol_no_ukb	male_age_middle_joint_1_testosterone_imputation	0.0293 (0.0453)	(rg: 0.0293; 95% CI: -0.0595 ... 0.1181)	1172907.0	0.0293	0.0453	0.0887879999999999	-0.0595 ... 0.1181	0.5179	-0.0594879999999999	0.118088	1.0	0.0	0.0293	male_age_middle	joint_1	testosterone_imputation	0.1166928	linear	joint	adjust	testosterone_imputation
alcohol_quantity_no_ukb	primaries_against_testosterone_linear	30643251_liu_2019_alcohol_no_ukb	male_age_middle_joint_1_testosterone_imputation_log	0.0026 (0.0527)	(rg: 0.0026; 95% CI: -0.1007 ... 0.1059)	1172907.0	0.0026	0.0527	0.103292	-0.1007 ... 0.1059	0.9605	-0.1006919999999999	0.105892	1.0	0.0	0.0026	male_age_middle	joint_1	testosterone_imputation_log	0.1357552	linear	joint	adjust	testosterone_imputation_log
alcohol_quantity_no_ukb	primaries_against_testosterone_linear	30643251_liu_2019_alcohol_no_ukb	male_age_middle_joint_1_testosterone_log	0.0371 (0.0479)	(rg: 0.0371; 95% CI: -0.0568 ... 0.131)	1172907.0	0.0371	0.0479	0.093884	-0.0568 ... 0.131	0.4379	-0.0567839999999999	0.130984	1.0	0.0	0.0371	male_age_middle	joint_1	testosterone_log	0.1233904	linear	joint	adjust	testosterone_log
alcohol_quantity_no_ukb	primaries_against_testosterone_linear	30643251_liu_2019_alcohol_no_ukb	male_age_middle_unadjust_testosterone_imputation_log	0.039 (0.0514)	(rg: 0.039; 95% CI: -0.0617 ... 0.1397)	1172907.0	0.039	0.0514	0.100744	-0.0617 ... 0.1397	0.4481	-0.061744	0.139744	1.0	0.0	0.039	male_age_middle	unadjust	testosterone_imputation_log	0.1324064	linear	joint	unadjust	testosterone_imputation_log
alcohol_quantity_no_ukb	primaries_against_testosterone_linear	30643251_liu_2019_alcohol_no_ukb	male_age_middle_unadjust_testosterone_log	0.0714 (0.0466)	(rg: 0.0714; 95% CI: -0.0199 ... 0.1627)	1172907.0	0.0714	0.0466	0.091336	-0.0199 ... 0.1627	0.1254	-0.0199359999999999	0.162736	1.0	0.0	0.0714	male_age_middle	unadjust	testosterone_log	0.12004160000000001	linear	joint	unadjust	testosterone_log
alcohol_quantity_no_ukb	primaries_against_testosterone_linear	30643251_liu_2019_alcohol_no_ukb	male_joint_1_testosterone_imputation	0.0706 (0.0326)	(rg: 0.0706; 95% CI: 0.0067 ... 0.1345)	1172907.0	0.0706	0.0326	0.063896	0.0067 ... 0.1345	0.0301	0.006704	0.134496	1.0	1.0	0.0706	male	joint_1	testosterone_imputation	0.0839776	linear	joint	adjust	testosterone_imputation
alcohol_quantity_no_ukb	primaries_against_testosterone_linear	30643251_liu_2019_alcohol_no_ukb	male_joint_1_testosterone_imputation_log	0.0895 (0.0363)	(rg: 0.0895; 95% CI: 0.0184 ... 0.1606)	1172907.0	0.0895	0.0363	0.071148	0.0184 ... 0.1606	0.0136	0.0183519999999999	0.160648	1.0	1.0	0.0895	male	joint_1	testosterone_imputation_log	0.0935088	linear	joint	adjust	testosterone_imputation_log
alcohol_quantity_no_ukb	primaries_against_testosterone_linear	30643251_liu_2019_alcohol_no_ukb	male_joint_1_testosterone_log	0.0738 (0.0349)	(rg: 0.0738; 95% CI: 0.0054 ... 0.1422)	1172907.0	0.0738	0.0349	0.068404	0.0054 ... 0.1422	0.0347	0.0053959999999999	0.142204	1.0	1.0	0.0738	male	joint_1	testosterone_log	0.08990240000000001	linear	joint	adjust	testosterone_log
alcohol_quantity_no_ukb	primaries_against_testosterone_linear	30643251_liu_2019_alcohol_no_ukb	male_unadjust_testosterone_imputation	0.0906 (0.0332)	(rg: 0.0906; 95% CI: 0.0255 ... 0.1557)	1172907.0	0.0906	0.0332	0.065072	0.0255 ... 0.1557	0.0063	0.0255279999999999	0.155672	1.0	1.0	0.0906	male	unadjust	testosterone_imputation	0.08552320000000001	linear	joint	unadjust	testosterone_imputation
alcohol_quantity_no_ukb	primaries_against_testosterone_linear	30643251_liu_2019_alcohol_no_ukb	male_unadjust_testosterone_imputation_log	0.1076 (0.0365)	(rg: 0.1076; 95% CI: 0.0361 ... 0.1791)	1172907.0	0.1076	0.0365	0.0715399999999999	0.0361 ... 0.1791	0.0032	0.03606	0.17914	1.0	1.0	0.1076	male	unadjust	testosterone_imputation_log	0.094024	linear	joint	unadjust	testosterone_imputation_log
alcohol_quantity_no_ukb	primaries_against_testosterone_linear	30643251_liu_2019_alcohol_no_ukb	male_unadjust_testosterone_log	0.0948 (0.0343)	(rg: 0.0948; 95% CI: 0.0276 ... 0.162)	1172907.0	0.0948	0.0343	0.067228	0.0276 ... 0.162	0.0057	0.027572	0.162028	1.0	1.0	0.0948	male	unadjust	testosterone_log	0.0883568	linear	joint	unadjust	testosterone_log
alcohol_quantity_no_ukb	primaries_against_testosterone_logistic	30643251_liu_2019_alcohol_no_ukb	female_joint_1_testosterone_detection	0.0566 (0.043)	(rg: 0.0566; 95% CI: -0.0277 ... 0.1409)	1172906.0	0.0566	0.043	0.08428	-0.0277 ... 0.1409	0.1886	-0.0276799999999999	0.14088	1.0	0.0	0.0566	female	joint_1	testosterone_detection	0.11076799999999999	linear	joint	adjust	testosterone_detection
alcohol_quantity_no_ukb	primaries_against_testosterone_logistic	30643251_liu_2019_alcohol_no_ukb	female_menstruation_regular_joint_1_testosterone_detection	0.0663 (0.0981)	(rg: 0.0663; 95% CI: -0.126 ... 0.2586)	1172900.0	0.0663	0.0981	0.192276	-0.126 ... 0.2586	0.4992	-0.125976	0.258576	1.0	0.0	0.0663	female_menstruation_regular	joint_1	testosterone_detection	0.25270560000000003	linear	joint	adjust	testosterone_detection
alcohol_quantity_no_ukb	primaries_against_testosterone_logistic	30643251_liu_2019_alcohol_no_ukb	female_menstruation_regular_unadjust_testosterone_detection	0.0335 (0.0986)	(rg: 0.0335; 95% CI: -0.1598 ... 0.2268)	1172903.0	0.0335	0.0986	0.1932559999999999	-0.1598 ... 0.2268	0.7338	-0.1597559999999999	0.2267559999999999	1.0	0.0	0.0335	female_menstruation_regular	unadjust	testosterone_detection	0.2539936	linear	joint	unadjust	testosterone_detection
alcohol_quantity_no_ukb	primaries_against_testosterone_logistic	30643251_liu_2019_alcohol_no_ukb	female_perimenopause_joint_1_testosterone_detection	0.2761 (0.0944)	(rg: 0.2761; 95% CI: 0.0911 ... 0.4611)	1172901.0	0.2761	0.0944	0.185024	0.0911 ... 0.4611	0.0034	0.091076	0.461124	1.0	1.0	0.2761	female_perimenopause	joint_1	testosterone_detection	0.2431744	linear	joint	adjust	testosterone_detection
alcohol_quantity_no_ukb	primaries_against_testosterone_logistic	30643251_liu_2019_alcohol_no_ukb	female_postmenopause_joint_1_testosterone_detection	0.0222 (0.0436)	(rg: 0.0222; 95% CI: -0.0633 ... 0.1077)	1172906.0	0.0222	0.0436	0.085456	-0.0633 ... 0.1077	0.6108	-0.063256	0.107656	1.0	0.0	0.0222	female_postmenopause	joint_1	testosterone_detection	0.1123136	linear	joint	adjust	testosterone_detection
alcohol_quantity_no_ukb	primaries_against_testosterone_logistic	30643251_liu_2019_alcohol_no_ukb	female_postmenopause_unadjust_testosterone_detection	0.0043 (0.0438)	(rg: 0.0043; 95% CI: -0.0815 ... 0.0901)	1172906.0	0.0043	0.0438	0.085848	-0.0815 ... 0.0901	0.9225	-0.081548	0.0901479999999999	1.0	0.0	0.0043	female_postmenopause	unadjust	testosterone_detection	0.11282879999999999	linear	joint	unadjust	testosterone_detection
alcohol_quantity_no_ukb	primaries_against_testosterone_logistic	30643251_liu_2019_alcohol_no_ukb	female_premenopause_joint_1_testosterone_detection	0.0305 (0.0954)	(rg: 0.0305; 95% CI: -0.1565 ... 0.2175)	1172870.0	0.0305	0.0954	0.1869839999999999	-0.1565 ... 0.2175	0.7494	-0.1564839999999999	0.2174839999999999	1.0	0.0	0.0305	female_premenopause	joint_1	testosterone_detection	0.2457504	linear	joint	adjust	testosterone_detection
alcohol_quantity_no_ukb	primaries_against_testosterone_logistic	30643251_liu_2019_alcohol_no_ukb	female_premenopause_unadjust_testosterone_detection	0.0568 (0.0854)	(rg: 0.0568; 95% CI: -0.1106 ... 0.2242)	1172889.0	0.0568	0.0854	0.167384	-0.1106 ... 0.2242	0.5062	-0.110584	0.224184	1.0	0.0	0.0568	female_premenopause	unadjust	testosterone_detection	0.2199904	linear	joint	unadjust	testosterone_detection
alcohol_quantity_no_ukb	primaries_against_testosterone_logistic	30643251_liu_2019_alcohol_no_ukb	female_unadjust_testosterone_detection	0.0249 (0.0431)	(rg: 0.0249; 95% CI: -0.0596 ... 0.1094)	1172906.0	0.0249	0.0431	0.084476	-0.0596 ... 0.1094	0.5634	-0.059576	0.109376	1.0	0.0	0.0249	female	unadjust	testosterone_detection	0.1110256	linear	joint	unadjust	testosterone_detection
alcohol_quantity_no_ukb	primaries_against_testosterone_logistic	30643251_liu_2019_alcohol_no_ukb	male_age_high_joint_1_testosterone_detection	0.1492 (0.1087)	(rg: 0.1492; 95% CI: -0.0639 ... 0.3623)	1171529.0	0.1492	0.1087	0.213052	-0.0639 ... 0.3623	0.1696	-0.063852	0.362252	1.0	0.0	0.1492	male_age_high	joint_1	testosterone_detection	0.2800112	linear	joint	adjust	testosterone_detection
alcohol_quantity_no_ukb	primaries_against_testosterone_logistic	30643251_liu_2019_alcohol_no_ukb	male_age_high_unadjust_testosterone_detection	0.1634 (0.1154)	(rg: 0.1634; 95% CI: -0.0628 ... 0.3896)	1171549.0	0.1634	0.1154	0.226184	-0.0628 ... 0.3896	0.1569	-0.062784	0.389584	1.0	0.0	0.1634	male_age_high	unadjust	testosterone_detection	0.2972704	linear	joint	unadjust	testosterone_detection
alcohol_quantity_no_ukb	primaries_against_testosterone_logistic	30643251_liu_2019_alcohol_no_ukb	male_age_low_joint_1_testosterone_detection	0.007 (0.1279)	(rg: 0.007; 95% CI: -0.2437 ... 0.2577)	1139956.0	0.007	0.1279	0.250684	-0.2437 ... 0.2577	0.9564	-0.243684	0.257684	1.0	0.0	0.007	male_age_low	joint_1	testosterone_detection	0.32947040000000005	linear	joint	adjust	testosterone_detection
alcohol_quantity_no_ukb	primaries_against_testosterone_logistic	30643251_liu_2019_alcohol_no_ukb	male_age_low_unadjust_testosterone_detection	-0.0363 (0.1256)	(rg: -0.0363; 95% CI: -0.2825 ... 0.2099)	1135190.0	-0.0363	0.1256	0.2461759999999999	-0.2825 ... 0.2099	0.7728	-0.2824759999999999	0.2098759999999999	1.0	0.0	0.0363	male_age_low	unadjust	testosterone_detection	0.3235456	linear	joint	unadjust	testosterone_detection
alcohol_quantity_no_ukb	primaries_against_testosterone_logistic	30643251_liu_2019_alcohol_no_ukb	male_age_middle_joint_1_testosterone_detection	-0.1166 (0.0755)	(rg: -0.1166; 95% CI: -0.2646 ... 0.0314)	1165194.0	-0.1166	0.0755	0.14798	-0.2646 ... 0.0314	0.1223	-0.26458	0.03138	1.0	0.0	0.1166	male_age_middle	joint_1	testosterone_detection	0.194488	linear	joint	adjust	testosterone_detection
alcohol_quantity_no_ukb	primaries_against_testosterone_logistic	30643251_liu_2019_alcohol_no_ukb	male_age_middle_unadjust_testosterone_detection	-0.0922 (0.0796)	(rg: -0.0922; 95% CI: -0.2482 ... 0.0638)	1164680.0	-0.0922	0.0796	0.156016	-0.2482 ... 0.0638	0.2468	-0.248216	0.063816	1.0	0.0	0.0922	male_age_middle	unadjust	testosterone_detection	0.20504960000000003	linear	joint	unadjust	testosterone_detection
alcohol_quantity_no_ukb	primaries_against_testosterone_logistic	30643251_liu_2019_alcohol_no_ukb	male_joint_1_testosterone_detection	0.0515 (0.1162)	(rg: 0.0515; 95% CI: -0.1763 ... 0.2793)	1172393.0	0.0515	0.1162	0.2277519999999999	-0.1763 ... 0.2793	0.6579	-0.176252	0.279252	1.0	0.0	0.0515	male	joint_1	testosterone_detection	0.2993312	linear	joint	adjust	testosterone_detection
alcohol_quantity_no_ukb	primaries_against_testosterone_logistic	30643251_liu_2019_alcohol_no_ukb	male_unadjust_testosterone_detection	0.082 (0.1239)	(rg: 0.082; 95% CI: -0.1608 ... 0.3248)	1172373.0	0.082	0.1239	0.2428439999999999	-0.1608 ... 0.3248	0.5083	-0.160844	0.3248439999999999	1.0	0.0	0.082	male	unadjust	testosterone_detection	0.3191664	linear	joint	unadjust	testosterone_detection
alcohol_quantity_no_ukb	primaries_against_testosterone_free_linear	30643251_liu_2019_alcohol_no_ukb	female_joint_1_testosterone_free_imputation_log	0.0053 (0.0341)	(rg: 0.0053; 95% CI: -0.0615 ... 0.0721)	1172907.0	0.0053	0.0341	0.0668359999999999	-0.0615 ... 0.0721	0.8774	-0.0615359999999999	0.0721359999999999	1.0	0.0	0.0053	female	joint_1	testosterone_free_imputation_log	0.08784159999999999	linear	joint	adjust	testosterone_free_imputation_log
alcohol_quantity_no_ukb	primaries_against_testosterone_free_linear	30643251_liu_2019_alcohol_no_ukb	female_menstruation_regular_joint_1_testosterone_free_imputation_log	0.0369 (0.0646)	(rg: 0.0369; 95% CI: -0.0897 ... 0.1635)	1172907.0	0.0369	0.0646	0.126616	-0.0897 ... 0.1635	0.5683	-0.089716	0.163516	1.0	0.0	0.0369	female_menstruation_regular	joint_1	testosterone_free_imputation_log	0.16640960000000002	linear	joint	adjust	testosterone_free_imputation_log
alcohol_quantity_no_ukb	primaries_against_testosterone_free_linear	30643251_liu_2019_alcohol_no_ukb	female_menstruation_regular_unadjust_testosterone_free_imputation_log	-0.0146 (0.0627)	(rg: -0.0146; 95% CI: -0.1375 ... 0.1083)	1172907.0	-0.0146	0.0627	0.122892	-0.1375 ... 0.1083	0.8158	-0.137492	0.108292	1.0	0.0	0.0146	female_menstruation_regular	unadjust	testosterone_free_imputation_log	0.16151520000000003	linear	joint	unadjust	testosterone_free_imputation_log
alcohol_quantity_no_ukb	primaries_against_testosterone_free_linear	30643251_liu_2019_alcohol_no_ukb	female_perimenopause_joint_1_testosterone_free_imputation_log	0.1512 (0.0654)	(rg: 0.1512; 95% CI: 0.023 ... 0.2794)	1172907.0	0.1512	0.0654	0.128184	0.023 ... 0.2794	0.0209	0.023016	0.2793839999999999	1.0	1.0	0.1512	female_perimenopause	joint_1	testosterone_free_imputation_log	0.1684704	linear	joint	adjust	testosterone_free_imputation_log
alcohol_quantity_no_ukb	primaries_against_testosterone_free_linear	30643251_liu_2019_alcohol_no_ukb	female_perimenopause_unadjust_testosterone_free_imputation_log	0.0901 (0.0663)	(rg: 0.0901; 95% CI: -0.0398 ... 0.22)	1172907.0	0.0901	0.0663	0.1299479999999999	-0.0398 ... 0.22	0.1741	-0.0398479999999999	0.2200479999999999	1.0	0.0	0.0901	female_perimenopause	unadjust	testosterone_free_imputation_log	0.1707888	linear	joint	unadjust	testosterone_free_imputation_log
alcohol_quantity_no_ukb	primaries_against_testosterone_free_linear	30643251_liu_2019_alcohol_no_ukb	female_postmenopause_joint_1_testosterone_free_imputation_log	-0.0162 (0.0357)	(rg: -0.0162; 95% CI: -0.0862 ... 0.0538)	1172907.0	-0.0162	0.0357	0.069972	-0.0862 ... 0.0538	0.6494	-0.086172	0.053772	1.0	0.0	0.0162	female_postmenopause	joint_1	testosterone_free_imputation_log	0.09196320000000001	linear	joint	adjust	testosterone_free_imputation_log
alcohol_quantity_no_ukb	primaries_against_testosterone_free_linear	30643251_liu_2019_alcohol_no_ukb	female_postmenopause_unadjust_testosterone_free_imputation_log	-0.0545 (0.0361)	(rg: -0.0545; 95% CI: -0.1253 ... 0.0163)	1172907.0	-0.0545	0.0361	0.070756	-0.1253 ... 0.0163	0.131	-0.125256	0.016256	1.0	0.0	0.0545	female_postmenopause	unadjust	testosterone_free_imputation_log	0.09299360000000001	linear	joint	unadjust	testosterone_free_imputation_log
alcohol_quantity_no_ukb	primaries_against_testosterone_free_linear	30643251_liu_2019_alcohol_no_ukb	female_premenopause_joint_1_testosterone_free_imputation_log	0.0165 (0.0707)	(rg: 0.0165; 95% CI: -0.1221 ... 0.1551)	1172907.0	0.0165	0.0707	0.138572	-0.1221 ... 0.1551	0.8159	-0.122072	0.155072	1.0	0.0	0.0165	female_premenopause	joint_1	testosterone_free_imputation_log	0.1821232	linear	joint	adjust	testosterone_free_imputation_log
alcohol_quantity_no_ukb	primaries_against_testosterone_free_linear	30643251_liu_2019_alcohol_no_ukb	female_premenopause_unadjust_testosterone_free_imputation_log	-0.0168 (0.0657)	(rg: -0.0168; 95% CI: -0.1456 ... 0.112)	1172907.0	-0.0168	0.0657	0.128772	-0.1456 ... 0.112	0.7986	-0.145572	0.111972	1.0	0.0	0.0168	female_premenopause	unadjust	testosterone_free_imputation_log	0.16924319999999998	linear	joint	unadjust	testosterone_free_imputation_log
alcohol_quantity_no_ukb	primaries_against_testosterone_free_linear	30643251_liu_2019_alcohol_no_ukb	female_unadjust_testosterone_free_imputation_log	-0.039 (0.0348)	(rg: -0.039; 95% CI: -0.1072 ... 0.0292)	1172907.0	-0.039	0.0348	0.0682079999999999	-0.1072 ... 0.0292	0.2621	-0.107208	0.0292079999999999	1.0	0.0	0.039	female	unadjust	testosterone_free_imputation_log	0.0896448	linear	joint	unadjust	testosterone_free_imputation_log
alcohol_quantity_no_ukb	primaries_against_testosterone_free_linear	30643251_liu_2019_alcohol_no_ukb	male_age_high_joint_1_testosterone_free_imputation_log	0.1373 (0.0632)	(rg: 0.1373; 95% CI: 0.0134 ... 0.2612)	1172907.0	0.1373	0.0632	0.123872	0.0134 ... 0.2612	0.03	0.0134279999999999	0.261172	1.0	1.0	0.1373	male_age_high	joint_1	testosterone_free_imputation_log	0.1628032	linear	joint	adjust	testosterone_free_imputation_log
alcohol_quantity_no_ukb	primaries_against_testosterone_free_linear	30643251_liu_2019_alcohol_no_ukb	male_age_high_unadjust_testosterone_free_imputation_log	0.1262 (0.0605)	(rg: 0.1262; 95% CI: 0.0076 ... 0.2448)	1172907.0	0.1262	0.0605	0.1185799999999999	0.0076 ... 0.2448	0.037	0.00762	0.24478	1.0	1.0	0.1262	male_age_high	unadjust	testosterone_free_imputation_log	0.155848	linear	joint	unadjust	testosterone_free_imputation_log
alcohol_quantity_no_ukb	primaries_against_testosterone_free_linear	30643251_liu_2019_alcohol_no_ukb	male_age_low_joint_1_testosterone_free_imputation_log	0.0924 (0.0543)	(rg: 0.0924; 95% CI: -0.014 ... 0.1988)	1172907.0	0.0924	0.0543	0.106428	-0.014 ... 0.1988	0.089	-0.0140279999999999	0.198828	1.0	0.0	0.0924	male_age_low	joint_1	testosterone_free_imputation_log	0.1398768	linear	joint	adjust	testosterone_free_imputation_log
alcohol_quantity_no_ukb	primaries_against_testosterone_free_linear	30643251_liu_2019_alcohol_no_ukb	male_age_low_unadjust_testosterone_free_imputation_log	0.0991 (0.0536)	(rg: 0.0991; 95% CI: -0.006 ... 0.2042)	1172907.0	0.0991	0.0536	0.105056	-0.006 ... 0.2042	0.0642	-0.005956	0.204156	1.0	0.0	0.0991	male_age_low	unadjust	testosterone_free_imputation_log	0.13807360000000002	linear	joint	unadjust	testosterone_free_imputation_log
alcohol_quantity_no_ukb	primaries_against_testosterone_free_linear	30643251_liu_2019_alcohol_no_ukb	male_age_middle_joint_1_testosterone_free_imputation_log	0.0177 (0.0579)	(rg: 0.0177; 95% CI: -0.0958 ... 0.1312)	1172907.0	0.0177	0.0579	0.113484	-0.0958 ... 0.1312	0.7599	-0.095784	0.131184	1.0	0.0	0.0177	male_age_middle	joint_1	testosterone_free_imputation_log	0.14915040000000002	linear	joint	adjust	testosterone_free_imputation_log
alcohol_quantity_no_ukb	primaries_against_testosterone_free_linear	30643251_liu_2019_alcohol_no_ukb	male_age_middle_unadjust_testosterone_free_imputation_log	0.0419 (0.0575)	(rg: 0.0419; 95% CI: -0.0708 ... 0.1546)	1172907.0	0.0419	0.0575	0.1127	-0.0708 ... 0.1546	0.4654	-0.0708	0.1546	1.0	0.0	0.0419	male_age_middle	unadjust	testosterone_free_imputation_log	0.14812	linear	joint	unadjust	testosterone_free_imputation_log
alcohol_quantity_no_ukb	primaries_against_testosterone_free_linear	30643251_liu_2019_alcohol_no_ukb	male_joint_1_testosterone_free_imputation_log	0.0794 (0.0374)	(rg: 0.0794; 95% CI: 0.0061 ... 0.1527)	1172907.0	0.0794	0.0374	0.073304	0.0061 ... 0.1527	0.0338	0.0060959999999999	0.152704	1.0	1.0	0.0794	male	joint_1	testosterone_free_imputation_log	0.09634240000000001	linear	joint	adjust	testosterone_free_imputation_log
alcohol_quantity_no_ukb	primaries_against_testosterone_free_linear	30643251_liu_2019_alcohol_no_ukb	male_unadjust_testosterone_free_imputation_log	0.0843 (0.0381)	(rg: 0.0843; 95% CI: 0.0096 ... 0.159)	1172907.0	0.0843	0.0381	0.074676	0.0096 ... 0.159	0.0268	0.0096239999999999	0.158976	1.0	1.0	0.0843	male	unadjust	testosterone_free_imputation_log	0.09814560000000001	linear	joint	unadjust	testosterone_free_imputation_log
