phenotype_primary	design	study_primary	study_secondary	variants	summary	correlation	standard_error	interval_95	confidence_95_range	probability	confidence_95_low	confidence_95_high	confidence_95_not_one	confidence_95_not_zero	correlation_absolute	cohort	model	phenotype_secondary	dependence_type	model_context	model_adjustment	variable
depression	primary_versus_34255042_schmitz_2021	30718901_howard_2019	34255042_schmitz_2021_female	924621	(rg: 0.0074; 95% CI: -0.141 ... 0.156)	0.0074	0.0756	0.148176	-0.141 ... 0.156	0.9215	-0.140776	0.155576	1	0	0.0074	female		oestradiol_detectability	logistic	joint	adjust	oestradiol_priority
depression	primary_versus_34255042_schmitz_2021	30718901_howard_2019	34255042_schmitz_2021_male	924621	(rg: -0.0716; 95% CI: -0.158 ... 0.015)	-0.0716	0.0441	0.086436	-0.158 ... 0.015	0.1045	-0.158036	0.014836	1	0	0.0716	male		oestradiol_detectability	logistic	joint	adjust	oestradiol_priority
depression	primary_versus_steroid_globulin_linear_1	30718901_howard_2019	female_joint_1_steroid_globulin_imputation_log	1160229	(rg: 0.0048; 95% CI: -0.031 ... 0.041)	0.0048	0.0184	0.036064	-0.031 ... 0.041	0.7934	-0.031264	0.040864	1	0	0.0048	female	joint_1	steroid_globulin_imputation_log	logistic	joint	adjust	steroid_globulin_imputation_log
depression	primary_versus_steroid_globulin_linear_1	30718901_howard_2019	female_menstruation_regular_joint_1_steroid_globulin_imputation_log	1160230	(rg: 0.052; 95% CI: -0.019 ... 0.123)	0.052	0.0363	0.071148	-0.019 ... 0.123	0.1519	-0.019148	0.123148	1	0	0.052	female_menstruation_regular	joint_1	steroid_globulin_imputation_log	logistic	joint	adjust	steroid_globulin_imputation_log
depression	primary_versus_steroid_globulin_linear_1	30718901_howard_2019	female_menstruation_regular_unadjust_steroid_globulin_imputation_log	1160230	(rg: -0.0348; 95% CI: -0.107 ... 0.037)	-0.0348	0.0366	0.071736	-0.107 ... 0.037	0.3413	-0.106536	0.036936	1	0	0.0348	female_menstruation_regular	unadjust	steroid_globulin_imputation_log	logistic	joint	unadjust	steroid_globulin_imputation_log
depression	primary_versus_steroid_globulin_linear_1	30718901_howard_2019	female_perimenopause_joint_1_steroid_globulin_imputation_log	1160229	(rg: 0.0343; 95% CI: -0.043 ... 0.111)	0.0343	0.0393	0.077028	-0.043 ... 0.111	0.3829	-0.042728	0.111328	1	0	0.0343	female_perimenopause	joint_1	steroid_globulin_imputation_log	logistic	joint	adjust	steroid_globulin_imputation_log
depression	primary_versus_steroid_globulin_linear_1	30718901_howard_2019	female_perimenopause_unadjust_steroid_globulin_imputation_log	1160229	(rg: -0.0513; 95% CI: -0.137 ... 0.034)	-0.0513	0.0435	0.08526	-0.137 ... 0.034	0.2376	-0.13656	0.03396	1	0	0.0513	female_perimenopause	unadjust	steroid_globulin_imputation_log	logistic	joint	unadjust	steroid_globulin_imputation_log
depression	primary_versus_steroid_globulin_linear_1	30718901_howard_2019	female_postmenopause_joint_1_steroid_globulin_imputation_log	1160229	(rg: 0.0044; 95% CI: -0.034 ... 0.043)	0.0044	0.0198	0.038808	-0.034 ... 0.043	0.8234	-0.034408	0.043208	1	0	0.0044	female_postmenopause	joint_1	steroid_globulin_imputation_log	logistic	joint	adjust	steroid_globulin_imputation_log
depression	primary_versus_steroid_globulin_linear_1	30718901_howard_2019	female_postmenopause_unadjust_steroid_globulin_imputation_log	1160229	(rg: -0.0457; 95% CI: -0.09 ... -0.001)	-0.0457	0.0227	0.044492	-0.09 ... -0.001	0.0435	-0.090192	-0.001208	1	1	0.0457	female_postmenopause	unadjust	steroid_globulin_imputation_log	logistic	joint	unadjust	steroid_globulin_imputation_log
depression	primary_versus_steroid_globulin_linear_1	30718901_howard_2019	female_premenopause_joint_1_steroid_globulin_imputation_log	1160230	(rg: 0.0342; 95% CI: -0.057 ... 0.126)	0.0342	0.0467	0.091532	-0.057 ... 0.126	0.4644	-0.057332	0.125732	1	0	0.0342	female_premenopause	joint_1	steroid_globulin_imputation_log	logistic	joint	adjust	steroid_globulin_imputation_log
depression	primary_versus_steroid_globulin_linear_1	30718901_howard_2019	female_premenopause_unadjust_steroid_globulin_imputation_log	1160230	(rg: -0.0802; 95% CI: -0.169 ... 0.009)	-0.0802	0.0455	0.08918	-0.169 ... 0.009	0.0779	-0.16938	0.00898	1	0	0.0802	female_premenopause	unadjust	steroid_globulin_imputation_log	logistic	joint	unadjust	steroid_globulin_imputation_log
depression	primary_versus_steroid_globulin_linear_1	30718901_howard_2019	female_unadjust_steroid_globulin_imputation_log	1160229	(rg: -0.0558; 95% CI: -0.097 ... -0.014)	-0.0558	0.0212	0.041552	-0.097 ... -0.014	0.0084	-0.097352	-0.014248	1	1	0.0558	female	unadjust	steroid_globulin_imputation_log	logistic	joint	unadjust	steroid_globulin_imputation_log
depression	primary_versus_steroid_globulin_linear_1	30718901_howard_2019	male_age_high_joint_1_steroid_globulin_imputation_log	1160229	(rg: 0.0146; 95% CI: -0.033 ... 0.063)	0.0146	0.0245	0.04802	-0.033 ... 0.063	0.5521	-0.03342	0.06262	1	0	0.0146	male_age_high	joint_1	steroid_globulin_imputation_log	logistic	joint	adjust	steroid_globulin_imputation_log
depression	primary_versus_steroid_globulin_linear_1	30718901_howard_2019	male_age_high_unadjust_steroid_globulin_imputation_log	1160229	(rg: -0.0228; 95% CI: -0.075 ... 0.03)	-0.0228	0.0268	0.052528	-0.075 ... 0.03	0.3944	-0.075328	0.029728	1	0	0.0228	male_age_high	unadjust	steroid_globulin_imputation_log	logistic	joint	unadjust	steroid_globulin_imputation_log
depression	primary_versus_steroid_globulin_linear_1	30718901_howard_2019	male_age_low_joint_1_steroid_globulin_imputation_log	1160229	(rg: -0.0135; 95% CI: -0.056 ... 0.029)	-0.0135	0.0215	0.04214	-0.056 ... 0.029	0.5305	-0.05564	0.02864	1	0	0.0135	male_age_low	joint_1	steroid_globulin_imputation_log	logistic	joint	adjust	steroid_globulin_imputation_log
depression	primary_versus_steroid_globulin_linear_1	30718901_howard_2019	male_age_low_unadjust_steroid_globulin_imputation_log	1160229	(rg: -0.0501; 95% CI: -0.094 ... -0.006)	-0.0501	0.0225	0.0441	-0.094 ... -0.006	0.0259	-0.0942	-0.006	1	1	0.0501	male_age_low	unadjust	steroid_globulin_imputation_log	logistic	joint	unadjust	steroid_globulin_imputation_log
depression	primary_versus_steroid_globulin_linear_1	30718901_howard_2019	male_age_middle_joint_1_steroid_globulin_imputation_log	1160229	(rg: 0.0014; 95% CI: -0.043 ... 0.046)	0.0014	0.0229	0.044884	-0.043 ... 0.046	0.9497	-0.043484	0.046284	1	0	0.0014	male_age_middle	joint_1	steroid_globulin_imputation_log	logistic	joint	adjust	steroid_globulin_imputation_log
depression	primary_versus_steroid_globulin_linear_1	30718901_howard_2019	male_age_middle_unadjust_steroid_globulin_imputation_log	1160229	(rg: -0.0461; 95% CI: -0.093 ... 0.001)	-0.0461	0.0238	0.046648	-0.093 ... 0.001	0.0526	-0.092748	0.000548	1	0	0.0461	male_age_middle	unadjust	steroid_globulin_imputation_log	logistic	joint	unadjust	steroid_globulin_imputation_log
depression	primary_versus_steroid_globulin_linear_1	30718901_howard_2019	male_joint_1_steroid_globulin_imputation_log	1160229	(rg: 0.0013; 95% CI: -0.031 ... 0.034)	0.0013	0.0165	0.03234	-0.031 ... 0.034	0.9391	-0.03104	0.03364	1	0	0.0013	male	joint_1	steroid_globulin_imputation_log	logistic	joint	adjust	steroid_globulin_imputation_log
depression	primary_versus_steroid_globulin_linear_1	30718901_howard_2019	male_unadjust_steroid_globulin_imputation_log	1160229	(rg: -0.053; 95% CI: -0.089 ... -0.017)	-0.053	0.0183	0.035868	-0.089 ... -0.017	0.0037	-0.088868	-0.017132	1	1	0.053	male	unadjust	steroid_globulin_imputation_log	logistic	joint	unadjust	steroid_globulin_imputation_log
depression	primary_versus_oestradiol_bioavailable_linear	30718901_howard_2019	female_joint_1_oestradiol_bioavailable_imputation_log	1160229	(rg: -0.0159; 95% CI: -0.103 ... 0.071)	-0.0159	0.0444	0.087024	-0.103 ... 0.071	0.72	-0.102924	0.071124	1	0	0.0159	female	joint_1	oestradiol_bioavailable_imputation_log	logistic	joint	adjust	oestradiol_bioavailable_imputation_log
depression	primary_versus_oestradiol_bioavailable_linear	30718901_howard_2019	female_menstruation_regular_joint_1_oestradiol_bioavailable_imputation_log	1160230	(rg: 0.1521; 95% CI: -0.17 ... 0.474)	0.1521	0.1644	0.322224	-0.17 ... 0.474	0.3549	-0.170124	0.474324	1	0	0.1521	female_menstruation_regular	joint_1	oestradiol_bioavailable_imputation_log	logistic	joint	adjust	oestradiol_bioavailable_imputation_log
depression	primary_versus_oestradiol_bioavailable_linear	30718901_howard_2019	female_menstruation_regular_unadjust_oestradiol_bioavailable_imputation_log	1160230	(rg: 0.0878; 95% CI: -0.175 ... 0.35)	0.0878	0.134	0.26264	-0.175 ... 0.35	0.512	-0.17484	0.35044	1	0	0.0878	female_menstruation_regular	unadjust	oestradiol_bioavailable_imputation_log	logistic	joint	unadjust	oestradiol_bioavailable_imputation_log
depression	primary_versus_oestradiol_bioavailable_linear	30718901_howard_2019	female_perimenopause_joint_1_oestradiol_bioavailable_imputation_log	1160229	(rg: -0.0208; 95% CI: -0.192 ... 0.151)	-0.0208	0.0876	0.171696	-0.192 ... 0.151	0.8123	-0.192496	0.150896	1	0	0.0208	female_perimenopause	joint_1	oestradiol_bioavailable_imputation_log	logistic	joint	adjust	oestradiol_bioavailable_imputation_log
depression	primary_versus_oestradiol_bioavailable_linear	30718901_howard_2019	female_perimenopause_unadjust_oestradiol_bioavailable_imputation_log	1160229	(rg: -0.0556; 95% CI: -0.233 ... 0.122)	-0.0556	0.0906	0.177576	-0.233 ... 0.122	0.5396	-0.233176	0.121976	1	0	0.0556	female_perimenopause	unadjust	oestradiol_bioavailable_imputation_log	logistic	joint	unadjust	oestradiol_bioavailable_imputation_log
depression	primary_versus_oestradiol_bioavailable_linear	30718901_howard_2019	female_postmenopause_joint_1_oestradiol_bioavailable_imputation_log	1160229	(rg: -0.0324; 95% CI: -0.091 ... 0.026)	-0.0324	0.0298	0.058408	-0.091 ... 0.026	0.2778	-0.090808	0.026008	1	0	0.0324	female_postmenopause	joint_1	oestradiol_bioavailable_imputation_log	logistic	joint	adjust	oestradiol_bioavailable_imputation_log
depression	primary_versus_oestradiol_bioavailable_linear	30718901_howard_2019	female_postmenopause_unadjust_oestradiol_bioavailable_imputation_log	1160229	(rg: 0.097; 95% CI: 0.035 ... 0.159)	0.097	0.0314	0.061544	0.035 ... 0.159	0.002	0.035456	0.158544	1	1	0.097	female_postmenopause	unadjust	oestradiol_bioavailable_imputation_log	logistic	joint	unadjust	oestradiol_bioavailable_imputation_log
depression	primary_versus_oestradiol_bioavailable_linear	30718901_howard_2019	female_premenopause_joint_1_oestradiol_bioavailable_imputation_log	1160230	(rg: 0.0966; 95% CI: -0.169 ... 0.362)	0.0966	0.1355	0.26558	-0.169 ... 0.362	0.476	-0.16898	0.36218	1	0	0.0966	female_premenopause	joint_1	oestradiol_bioavailable_imputation_log	logistic	joint	adjust	oestradiol_bioavailable_imputation_log
depression	primary_versus_oestradiol_bioavailable_linear	30718901_howard_2019	female_premenopause_unadjust_oestradiol_bioavailable_imputation_log	1160230	(rg: 0.086; 95% CI: -0.162 ... 0.334)	0.086	0.1264	0.247744	-0.162 ... 0.334	0.4963	-0.161744	0.333744	1	0	0.086	female_premenopause	unadjust	oestradiol_bioavailable_imputation_log	logistic	joint	unadjust	oestradiol_bioavailable_imputation_log
depression	primary_versus_oestradiol_bioavailable_linear	30718901_howard_2019	female_unadjust_oestradiol_bioavailable_imputation_log	1160229	(rg: 0.0689; 95% CI: -0.015 ... 0.153)	0.0689	0.043	0.08428	-0.015 ... 0.153	0.1095	-0.01538	0.15318	1	0	0.0689	female	unadjust	oestradiol_bioavailable_imputation_log	logistic	joint	unadjust	oestradiol_bioavailable_imputation_log
depression	primary_versus_oestradiol_bioavailable_linear	30718901_howard_2019	male_age_high_joint_1_oestradiol_bioavailable_imputation_log	1160229	(rg: -0.1068; 95% CI: -0.214 ... 0.0)	-0.1068	0.0547	0.107212	-0.214 ... 0.0	0.0509	-0.214012	0.000412	1	0	0.1068	male_age_high	joint_1	oestradiol_bioavailable_imputation_log	logistic	joint	adjust	oestradiol_bioavailable_imputation_log
depression	primary_versus_oestradiol_bioavailable_linear	30718901_howard_2019	male_age_high_unadjust_oestradiol_bioavailable_imputation_log	1160229	(rg: -0.0463; 95% CI: -0.152 ... 0.059)	-0.0463	0.0539	0.105644	-0.152 ... 0.059	0.3903	-0.151944	0.059344	1	0	0.0463	male_age_high	unadjust	oestradiol_bioavailable_imputation_log	logistic	joint	unadjust	oestradiol_bioavailable_imputation_log
depression	primary_versus_oestradiol_bioavailable_linear	30718901_howard_2019	male_age_low_joint_1_oestradiol_bioavailable_imputation_log	1160229	(rg: -0.1249; 95% CI: -0.253 ... 0.003)	-0.1249	0.0654	0.128184	-0.253 ... 0.003	0.056	-0.253084	0.003284	1	0	0.1249	male_age_low	joint_1	oestradiol_bioavailable_imputation_log	logistic	joint	adjust	oestradiol_bioavailable_imputation_log
depression	primary_versus_oestradiol_bioavailable_linear	30718901_howard_2019	male_age_low_unadjust_oestradiol_bioavailable_imputation_log	1160229	(rg: -0.0527; 95% CI: -0.173 ... 0.067)	-0.0527	0.0612	0.119952	-0.173 ... 0.067	0.3884	-0.172652	0.067252	1	0	0.0527	male_age_low	unadjust	oestradiol_bioavailable_imputation_log	logistic	joint	unadjust	oestradiol_bioavailable_imputation_log
depression	primary_versus_oestradiol_bioavailable_linear	30718901_howard_2019	male_age_middle_joint_1_oestradiol_bioavailable_imputation_log	1160229	(rg: -0.0537; 95% CI: -0.16 ... 0.052)	-0.0537	0.054	0.10584	-0.16 ... 0.052	0.3205	-0.15954	0.05214	1	0	0.0537	male_age_middle	joint_1	oestradiol_bioavailable_imputation_log	logistic	joint	adjust	oestradiol_bioavailable_imputation_log
depression	primary_versus_oestradiol_bioavailable_linear	30718901_howard_2019	male_age_middle_unadjust_oestradiol_bioavailable_imputation_log	1160229	(rg: -0.0004; 95% CI: -0.099 ... 0.098)	-0.0004	0.0503	0.098588	-0.099 ... 0.098	0.9936	-0.098988	0.098188	1	0	0.0004	male_age_middle	unadjust	oestradiol_bioavailable_imputation_log	logistic	joint	unadjust	oestradiol_bioavailable_imputation_log
depression	primary_versus_oestradiol_bioavailable_linear	30718901_howard_2019	male_joint_1_oestradiol_bioavailable_imputation_log	1160229	(rg: -0.0921; 95% CI: -0.156 ... -0.028)	-0.0921	0.0326	0.063896	-0.156 ... -0.028	0.0047	-0.155996	-0.028204	1	1	0.0921	male	joint_1	oestradiol_bioavailable_imputation_log	logistic	joint	adjust	oestradiol_bioavailable_imputation_log
depression	primary_versus_oestradiol_bioavailable_linear	30718901_howard_2019	male_unadjust_oestradiol_bioavailable_imputation_log	1160229	(rg: -0.023; 95% CI: -0.088 ... 0.042)	-0.023	0.0331	0.064876	-0.088 ... 0.042	0.4885	-0.087876	0.041876	1	0	0.023	male	unadjust	oestradiol_bioavailable_imputation_log	logistic	joint	unadjust	oestradiol_bioavailable_imputation_log
depression	primary_versus_albumin_linear_1	30718901_howard_2019	female_joint_1_albumin_imputation	1160229	(rg: 0.004; 95% CI: -0.043 ... 0.051)	0.004	0.0238	0.046648	-0.043 ... 0.051	0.8673	-0.042648	0.050648	1	0	0.004	female	joint_1	albumin_imputation	logistic	joint	adjust	albumin_imputation
depression	primary_versus_albumin_linear_1	30718901_howard_2019	female_menstruation_regular_joint_1_albumin_imputation	1160230	(rg: 0.0228; 95% CI: -0.061 ... 0.106)	0.0228	0.0426	0.083496	-0.061 ... 0.106	0.5921	-0.060696	0.106296	1	0	0.0228	female_menstruation_regular	joint_1	albumin_imputation	logistic	joint	adjust	albumin_imputation
depression	primary_versus_albumin_linear_1	30718901_howard_2019	female_menstruation_regular_unadjust_albumin_imputation	1160230	(rg: -0.0083; 95% CI: -0.089 ... 0.073)	-0.0083	0.0414	0.081144	-0.089 ... 0.073	0.8404	-0.089444	0.072844	1	0	0.0083	female_menstruation_regular	unadjust	albumin_imputation	logistic	joint	unadjust	albumin_imputation
depression	primary_versus_albumin_linear_1	30718901_howard_2019	female_perimenopause_joint_1_albumin_imputation	1160229	(rg: -0.02; 95% CI: -0.115 ... 0.075)	-0.02	0.0487	0.095452	-0.115 ... 0.075	0.6819	-0.115452	0.075452	1	0	0.02	female_perimenopause	joint_1	albumin_imputation	logistic	joint	adjust	albumin_imputation
depression	primary_versus_albumin_linear_1	30718901_howard_2019	female_perimenopause_unadjust_albumin_imputation	1160229	(rg: -0.0626; 95% CI: -0.159 ... 0.033)	-0.0626	0.049	0.09604	-0.159 ... 0.033	0.2016	-0.15864	0.03344	1	0	0.0626	female_perimenopause	unadjust	albumin_imputation	logistic	joint	unadjust	albumin_imputation
depression	primary_versus_albumin_linear_1	30718901_howard_2019	female_postmenopause_joint_1_albumin_imputation	1160229	(rg: -0.008; 95% CI: -0.058 ... 0.042)	-0.008	0.0255	0.04998	-0.058 ... 0.042	0.7533	-0.05798	0.04198	1	0	0.008	female_postmenopause	joint_1	albumin_imputation	logistic	joint	adjust	albumin_imputation
depression	primary_versus_albumin_linear_1	30718901_howard_2019	female_postmenopause_unadjust_albumin_imputation	1160229	(rg: -0.0482; 95% CI: -0.1 ... 0.003)	-0.0482	0.0263	0.051548	-0.1 ... 0.003	0.0665	-0.099748	0.003348	1	0	0.0482	female_postmenopause	unadjust	albumin_imputation	logistic	joint	unadjust	albumin_imputation
depression	primary_versus_albumin_linear_1	30718901_howard_2019	female_premenopause_joint_1_albumin_imputation	1160230	(rg: 0.0629; 95% CI: -0.041 ... 0.167)	0.0629	0.0529	0.103684	-0.041 ... 0.167	0.2343	-0.040784	0.166584	1	0	0.0629	female_premenopause	joint_1	albumin_imputation	logistic	joint	adjust	albumin_imputation
depression	primary_versus_albumin_linear_1	30718901_howard_2019	female_premenopause_unadjust_albumin_imputation	1160230	(rg: -0.0097; 95% CI: -0.11 ... 0.09)	-0.0097	0.051	0.09996	-0.11 ... 0.09	0.849	-0.10966	0.09026	1	0	0.0097	female_premenopause	unadjust	albumin_imputation	logistic	joint	unadjust	albumin_imputation
depression	primary_versus_albumin_linear_1	30718901_howard_2019	female_unadjust_albumin_imputation	1160229	(rg: -0.0444; 95% CI: -0.091 ... 0.002)	-0.0444	0.0239	0.046844	-0.091 ... 0.002	0.0636	-0.091244	0.002444	1	0	0.0444	female	unadjust	albumin_imputation	logistic	joint	unadjust	albumin_imputation
depression	primary_versus_albumin_linear_1	30718901_howard_2019	male_age_high_joint_1_albumin_imputation	1160229	(rg: -0.0289; 95% CI: -0.094 ... 0.037)	-0.0289	0.0334	0.065464	-0.094 ... 0.037	0.3871	-0.094364	0.036564	1	0	0.0289	male_age_high	joint_1	albumin_imputation	logistic	joint	adjust	albumin_imputation
depression	primary_versus_albumin_linear_1	30718901_howard_2019	male_age_high_unadjust_albumin_imputation	1160229	(rg: -0.049; 95% CI: -0.114 ... 0.016)	-0.049	0.0334	0.065464	-0.114 ... 0.016	0.1415	-0.114464	0.016464	1	0	0.049	male_age_high	unadjust	albumin_imputation	logistic	joint	unadjust	albumin_imputation
depression	primary_versus_albumin_linear_1	30718901_howard_2019	male_age_low_joint_1_albumin_imputation	1160229	(rg: -0.0023; 95% CI: -0.067 ... 0.063)	-0.0023	0.0332	0.065072	-0.067 ... 0.063	0.946	-0.067372	0.062772	1	0	0.0023	male_age_low	joint_1	albumin_imputation	logistic	joint	adjust	albumin_imputation
depression	primary_versus_albumin_linear_1	30718901_howard_2019	male_age_low_unadjust_albumin_imputation	1160229	(rg: -0.0174; 95% CI: -0.084 ... 0.049)	-0.0174	0.034	0.06664	-0.084 ... 0.049	0.608	-0.08404	0.04924	1	0	0.0174	male_age_low	unadjust	albumin_imputation	logistic	joint	unadjust	albumin_imputation
depression	primary_versus_albumin_linear_1	30718901_howard_2019	male_age_middle_joint_1_albumin_imputation	1160229	(rg: -0.0303; 95% CI: -0.093 ... 0.032)	-0.0303	0.032	0.06272	-0.093 ... 0.032	0.3439	-0.09302	0.03242	1	0	0.0303	male_age_middle	joint_1	albumin_imputation	logistic	joint	adjust	albumin_imputation
depression	primary_versus_albumin_linear_1	30718901_howard_2019	male_age_middle_unadjust_albumin_imputation	1160229	(rg: -0.0409; 95% CI: -0.104 ... 0.022)	-0.0409	0.0323	0.063308	-0.104 ... 0.022	0.2059	-0.104208	0.022408	1	0	0.0409	male_age_middle	unadjust	albumin_imputation	logistic	joint	unadjust	albumin_imputation
depression	primary_versus_albumin_linear_1	30718901_howard_2019	male_joint_1_albumin_imputation	1160229	(rg: -0.0242; 95% CI: -0.069 ... 0.02)	-0.0242	0.0228	0.044688	-0.069 ... 0.02	0.2896	-0.068888	0.020488	1	0	0.0242	male	joint_1	albumin_imputation	logistic	joint	adjust	albumin_imputation
depression	primary_versus_albumin_linear_1	30718901_howard_2019	male_unadjust_albumin_imputation	1160229	(rg: -0.0286; 95% CI: -0.075 ... 0.018)	-0.0286	0.0236	0.046256	-0.075 ... 0.018	0.2257	-0.074856	0.017656	1	0	0.0286	male	unadjust	albumin_imputation	logistic	joint	unadjust	albumin_imputation
depression	primary_versus_steroid_globulin_linear_2	30718901_howard_2019	female_male_priority_male_joint_1_steroid_globulin_imputation_log	1160229	(rg: -0.0032; 95% CI: -0.033 ... 0.026)	-0.0032	0.0151	0.029596	-0.033 ... 0.026	0.8298	-0.032796	0.026396	1	0	0.0032	female_male	joint_1	steroid_globulin_imputation_log	logistic	joint	adjust	steroid_globulin_imputation_log
depression	primary_versus_steroid_globulin_linear_2	30718901_howard_2019	female_male_priority_male_unadjust_steroid_globulin_imputation_log	1160229	(rg: -0.0602; 95% CI: -0.094 ... -0.027)	-0.0602	0.0171	0.033516	-0.094 ... -0.027	0.0004	-0.093716	-0.026684	1	1	0.0602	female_male	unadjust	steroid_globulin_imputation_log	logistic	joint	unadjust	steroid_globulin_imputation_log
depression	primary_versus_oestradiol_logistic	30718901_howard_2019	female_menstruation_regular_joint_1_oestradiol_detection	1160237	(rg: 0.1753; 95% CI: -0.166 ... 0.517)	0.1753	0.1741	0.341236	-0.166 ... 0.517	0.314	-0.165936	0.516536	1	0	0.1753	female_menstruation_regular	joint_1	oestradiol_detection	logistic	joint	adjust	oestradiol_detection
depression	primary_versus_oestradiol_logistic	30718901_howard_2019	female_menstruation_regular_unadjust_oestradiol_detection	1160238	(rg: 0.0696; 95% CI: -0.131 ... 0.27)	0.0696	0.1024	0.200704	-0.131 ... 0.27	0.4966	-0.131104	0.270304	1	0	0.0696	female_menstruation_regular	unadjust	oestradiol_detection	logistic	joint	unadjust	oestradiol_detection
depression	primary_versus_oestradiol_logistic	30718901_howard_2019	female_perimenopause_joint_1_oestradiol_detection	1160234	(rg: 0.0005; 95% CI: -0.146 ... 0.147)	0.0005	0.0745	0.14602	-0.146 ... 0.147	0.9945	-0.14552	0.14652	1	0	0.0005	female_perimenopause	joint_1	oestradiol_detection	logistic	joint	adjust	oestradiol_detection
depression	primary_versus_oestradiol_logistic	30718901_howard_2019	female_perimenopause_unadjust_oestradiol_detection	1160236	(rg: -0.0367; 95% CI: -0.201 ... 0.128)	-0.0367	0.084	0.16464	-0.201 ... 0.128	0.6624	-0.20134	0.12794	1	0	0.0367	female_perimenopause	unadjust	oestradiol_detection	logistic	joint	unadjust	oestradiol_detection
depression	primary_versus_oestradiol_logistic	30718901_howard_2019	female_postmenopause_joint_1_oestradiol_detection	1160235	(rg: -0.0232; 95% CI: -0.223 ... 0.177)	-0.0232	0.1019	0.199724	-0.223 ... 0.177	0.8201	-0.222924	0.176524	1	0	0.0232	female_postmenopause	joint_1	oestradiol_detection	logistic	joint	adjust	oestradiol_priority
depression	primary_versus_oestradiol_logistic	30718901_howard_2019	female_postmenopause_unadjust_oestradiol_detection	1160236	(rg: 0.2; 95% CI: 0.064 ... 0.336)	0.2	0.0692	0.135632	0.064 ... 0.336	0.0039	0.064368	0.335632	1	1	0.2	female_postmenopause	unadjust	oestradiol_detection	logistic	joint	unadjust	oestradiol_priority
depression	primary_versus_oestradiol_logistic	30718901_howard_2019	female_premenopause_joint_1_oestradiol_detection	1160250	(rg: 0.0144; 95% CI: -0.344 ... 0.373)	0.0144	0.1829	0.358484	-0.344 ... 0.373	0.9373	-0.344084	0.372884	1	0	0.0144	female_premenopause	joint_1	oestradiol_detection	logistic	joint	adjust	oestradiol_detection
depression	primary_versus_oestradiol_logistic	30718901_howard_2019	female_premenopause_unadjust_oestradiol_detection	1160240	(rg: -0.0182; 95% CI: -0.179 ... 0.143)	-0.0182	0.0821	0.160916	-0.179 ... 0.143	0.8244	-0.179116	0.142716	1	0	0.0182	female_premenopause	unadjust	oestradiol_detection	logistic	joint	unadjust	oestradiol_detection
depression	primary_versus_oestradiol_logistic	30718901_howard_2019	female_unadjust_oestradiol_detection	1160230	(rg: 0.0663; 95% CI: -0.04 ... 0.173)	0.0663	0.0542	0.106232	-0.04 ... 0.173	0.2215	-0.039932	0.172532	1	0	0.0663	female	unadjust	oestradiol_detection	logistic	joint	unadjust	oestradiol_priority
depression	primary_versus_oestradiol_logistic	30718901_howard_2019	male_age_high_joint_1_oestradiol_detection	1160245	(rg: -0.0777; 95% CI: -0.212 ... 0.056)	-0.0777	0.0683	0.133868	-0.212 ... 0.056	0.2555	-0.211568	0.056168	1	0	0.0777	male_age_high	joint_1	oestradiol_detection	logistic	joint	adjust	oestradiol_priority
depression	primary_versus_oestradiol_logistic	30718901_howard_2019	male_age_high_unadjust_oestradiol_detection	1160244	(rg: -0.0478; 95% CI: -0.174 ... 0.078)	-0.0478	0.0644	0.126224	-0.174 ... 0.078	0.4581	-0.174024	0.078424	1	0	0.0478	male_age_high	unadjust	oestradiol_detection	logistic	joint	unadjust	oestradiol_priority
depression	primary_versus_oestradiol_logistic	30718901_howard_2019	male_age_low_joint_1_oestradiol_detection	1160241	(rg: -0.2202; 95% CI: -0.582 ... 0.142)	-0.2202	0.1847	0.362012	-0.582 ... 0.142	0.233	-0.582212	0.141812	1	0	0.2202	male_age_low	joint_1	oestradiol_detection	logistic	joint	adjust	oestradiol_priority
depression	primary_versus_oestradiol_logistic	30718901_howard_2019	male_age_low_unadjust_oestradiol_detection	1160241	(rg: -0.1586; 95% CI: -0.419 ... 0.101)	-0.1586	0.1327	0.260092	-0.419 ... 0.101	0.2322	-0.418692	0.101492	1	0	0.1586	male_age_low	unadjust	oestradiol_detection	logistic	joint	unadjust	oestradiol_priority
depression	primary_versus_oestradiol_logistic	30718901_howard_2019	male_age_middle_joint_1_oestradiol_detection	1160242	(rg: -0.0352; 95% CI: -0.139 ... 0.068)	-0.0352	0.0529	0.103684	-0.139 ... 0.068	0.5064	-0.138884	0.068484	1	0	0.0352	male_age_middle	joint_1	oestradiol_detection	logistic	joint	adjust	oestradiol_priority
depression	primary_versus_oestradiol_logistic	30718901_howard_2019	male_age_middle_unadjust_oestradiol_detection	1160242	(rg: -0.0311; 95% CI: -0.135 ... 0.073)	-0.0311	0.0529	0.103684	-0.135 ... 0.073	0.5569	-0.134784	0.072584	1	0	0.0311	male_age_middle	unadjust	oestradiol_detection	logistic	joint	unadjust	oestradiol_priority
depression	primary_versus_oestradiol_logistic	30718901_howard_2019	male_unadjust_oestradiol_detection	1160233	(rg: -0.0674; 95% CI: -0.146 ... 0.011)	-0.0674	0.04	0.0784	-0.146 ... 0.011	0.0921	-0.1458	0.011	1	0	0.0674	male	unadjust	oestradiol_detection	logistic	joint	unadjust	oestradiol_priority
depression	primary_versus_oestradiol_free_linear	30718901_howard_2019	female_joint_1_oestradiol_free_imputation_log	1160229	(rg: -0.0461; 95% CI: -0.149 ... 0.057)	-0.0461	0.0526	0.103096	-0.149 ... 0.057	0.3814	-0.149196	0.056996	1	0	0.0461	female	joint_1	oestradiol_free_imputation_log	logistic	joint	adjust	oestradiol_free_imputation_log
depression	primary_versus_oestradiol_free_linear	30718901_howard_2019	female_menstruation_regular_joint_1_oestradiol_free_imputation_log	1160230	(rg: 0.0986; 95% CI: -0.256 ... 0.453)	0.0986	0.181	0.35476	-0.256 ... 0.453	0.5858	-0.25616	0.45336	1	0	0.0986	female_menstruation_regular	joint_1	oestradiol_free_imputation_log	logistic	joint	adjust	oestradiol_free_imputation_log
depression	primary_versus_oestradiol_free_linear	30718901_howard_2019	female_menstruation_regular_unadjust_oestradiol_free_imputation_log	1160230	(rg: 0.0514; 95% CI: -0.245 ... 0.348)	0.0514	0.1512	0.296352	-0.245 ... 0.348	0.7339	-0.244952	0.347752	1	0	0.0514	female_menstruation_regular	unadjust	oestradiol_free_imputation_log	logistic	joint	unadjust	oestradiol_free_imputation_log
depression	primary_versus_oestradiol_free_linear	30718901_howard_2019	female_perimenopause_joint_1_oestradiol_free_imputation_log	1160229	(rg: -0.0325; 95% CI: -0.191 ... 0.126)	-0.0325	0.0809	0.158564	-0.191 ... 0.126	0.6877	-0.191064	0.126064	1	0	0.0325	female_perimenopause	joint_1	oestradiol_free_imputation_log	logistic	joint	adjust	oestradiol_free_imputation_log
depression	primary_versus_oestradiol_free_linear	30718901_howard_2019	female_perimenopause_unadjust_oestradiol_free_imputation_log	1160229	(rg: -0.0499; 95% CI: -0.213 ... 0.113)	-0.0499	0.0831	0.162876	-0.213 ... 0.113	0.5476	-0.212776	0.112976	1	0	0.0499	female_perimenopause	unadjust	oestradiol_free_imputation_log	logistic	joint	unadjust	oestradiol_free_imputation_log
depression	primary_versus_oestradiol_free_linear	30718901_howard_2019	female_postmenopause_joint_1_oestradiol_free_imputation_log	1160229	(rg: -0.0399; 95% CI: -0.115 ... 0.035)	-0.0399	0.0381	0.074676	-0.115 ... 0.035	0.2942	-0.114576	0.034776	1	0	0.0399	female_postmenopause	joint_1	oestradiol_free_imputation_log	logistic	joint	adjust	oestradiol_free_imputation_log
depression	primary_versus_oestradiol_free_linear	30718901_howard_2019	female_postmenopause_unadjust_oestradiol_free_imputation_log	1160229	(rg: 0.1113; 95% CI: 0.039 ... 0.183)	0.1113	0.0367	0.071932	0.039 ... 0.183	0.0024	0.039368	0.183232	1	1	0.1113	female_postmenopause	unadjust	oestradiol_free_imputation_log	logistic	joint	unadjust	oestradiol_free_imputation_log
depression	primary_versus_oestradiol_free_linear	30718901_howard_2019	female_premenopause_joint_1_oestradiol_free_imputation_log	1160230	(rg: 0.0563; 95% CI: -0.221 ... 0.333)	0.0563	0.1413	0.276948	-0.221 ... 0.333	0.6905	-0.220648	0.333248	1	0	0.0563	female_premenopause	joint_1	oestradiol_free_imputation_log	logistic	joint	adjust	oestradiol_free_imputation_log
depression	primary_versus_oestradiol_free_linear	30718901_howard_2019	female_premenopause_unadjust_oestradiol_free_imputation_log	1160230	(rg: 0.0347; 95% CI: -0.217 ... 0.287)	0.0347	0.1286	0.252056	-0.217 ... 0.287	0.7872	-0.217356	0.286756	1	0	0.0347	female_premenopause	unadjust	oestradiol_free_imputation_log	logistic	joint	unadjust	oestradiol_free_imputation_log
depression	primary_versus_oestradiol_free_linear	30718901_howard_2019	female_unadjust_oestradiol_free_imputation_log	1160229	(rg: 0.0525; 95% CI: -0.039 ... 0.144)	0.0525	0.0469	0.091924	-0.039 ... 0.144	0.2632	-0.039424	0.144424	1	0	0.0525	female	unadjust	oestradiol_free_imputation_log	logistic	joint	unadjust	oestradiol_free_imputation_log
depression	primary_versus_oestradiol_free_linear	30718901_howard_2019	male_age_high_joint_1_oestradiol_free_imputation_log	1160229	(rg: -0.1179; 95% CI: -0.242 ... 0.006)	-0.1179	0.0631	0.123676	-0.242 ... 0.006	0.0616	-0.241576	0.005776	1	0	0.1179	male_age_high	joint_1	oestradiol_free_imputation_log	logistic	joint	adjust	oestradiol_free_imputation_log
depression	primary_versus_oestradiol_free_linear	30718901_howard_2019	male_age_high_unadjust_oestradiol_free_imputation_log	1160229	(rg: -0.0523; 95% CI: -0.17 ... 0.065)	-0.0523	0.0598	0.117208	-0.17 ... 0.065	0.3814	-0.169508	0.064908	1	0	0.0523	male_age_high	unadjust	oestradiol_free_imputation_log	logistic	joint	unadjust	oestradiol_free_imputation_log
depression	primary_versus_oestradiol_free_linear	30718901_howard_2019	male_age_low_joint_1_oestradiol_free_imputation_log	1160229	(rg: -0.1249; 95% CI: -0.259 ... 0.01)	-0.1249	0.0686	0.134456	-0.259 ... 0.01	0.0686	-0.259356	0.009556	1	0	0.1249	male_age_low	joint_1	oestradiol_free_imputation_log	logistic	joint	adjust	oestradiol_free_imputation_log
depression	primary_versus_oestradiol_free_linear	30718901_howard_2019	male_age_low_unadjust_oestradiol_free_imputation_log	1160229	(rg: -0.0621; 95% CI: -0.184 ... 0.06)	-0.0621	0.0621	0.121716	-0.184 ... 0.06	0.3175	-0.183816	0.059616	1	0	0.0621	male_age_low	unadjust	oestradiol_free_imputation_log	logistic	joint	unadjust	oestradiol_free_imputation_log
depression	primary_versus_oestradiol_free_linear	30718901_howard_2019	male_age_middle_joint_1_oestradiol_free_imputation_log	1160229	(rg: -0.0471; 95% CI: -0.155 ... 0.061)	-0.0471	0.0549	0.107604	-0.155 ... 0.061	0.3914	-0.154704	0.060504	1	0	0.0471	male_age_middle	joint_1	oestradiol_free_imputation_log	logistic	joint	adjust	oestradiol_free_imputation_log
depression	primary_versus_oestradiol_free_linear	30718901_howard_2019	male_age_middle_unadjust_oestradiol_free_imputation_log	1160229	(rg: 0.0066; 95% CI: -0.095 ... 0.109)	0.0066	0.052	0.10192	-0.095 ... 0.109	0.8992	-0.09532	0.10852	1	0	0.0066	male_age_middle	unadjust	oestradiol_free_imputation_log	logistic	joint	unadjust	oestradiol_free_imputation_log
depression	primary_versus_oestradiol_free_linear	30718901_howard_2019	male_joint_1_oestradiol_free_imputation_log	1160229	(rg: -0.0858; 95% CI: -0.154 ... -0.017)	-0.0858	0.035	0.0686	-0.154 ... -0.017	0.0141	-0.1544	-0.0172	1	1	0.0858	male	joint_1	oestradiol_free_imputation_log	logistic	joint	adjust	oestradiol_free_imputation_log
depression	primary_versus_oestradiol_free_linear	30718901_howard_2019	male_unadjust_oestradiol_free_imputation_log	1160229	(rg: -0.0234; 95% CI: -0.091 ... 0.045)	-0.0234	0.0347	0.068012	-0.091 ... 0.045	0.5001	-0.091412	0.044612	1	0	0.0234	male	unadjust	oestradiol_free_imputation_log	logistic	joint	unadjust	oestradiol_free_imputation_log
depression	primary_versus_oestradiol_linear_2	30718901_howard_2019	female_menstruation_regular_joint_1_oestradiol_imputation	1160230	(rg: -0.0384; 95% CI: -0.218 ... 0.141)	-0.0384	0.0915	0.17934	-0.218 ... 0.141	0.6746	-0.21774	0.14094	1	0	0.0384	female_menstruation_regular	joint_1	oestradiol_imputation	logistic	joint	adjust	oestradiol_imputation
depression	primary_versus_oestradiol_linear_2	30718901_howard_2019	female_menstruation_regular_joint_1_oestradiol_imputation_log	1160230	(rg: 0.1055; 95% CI: -0.099 ... 0.31)	0.1055	0.1044	0.204624	-0.099 ... 0.31	0.3119	-0.099124	0.310124	1	0	0.1055	female_menstruation_regular	joint_1	oestradiol_imputation_log	logistic	joint	adjust	oestradiol_priority
depression	primary_versus_oestradiol_linear_2	30718901_howard_2019	female_menstruation_regular_unadjust_oestradiol_imputation	1160230	(rg: -0.0953; 95% CI: -0.264 ... 0.074)	-0.0953	0.0863	0.169148	-0.264 ... 0.074	0.2698	-0.264448	0.073848	1	0	0.0953	female_menstruation_regular	unadjust	oestradiol_imputation	logistic	joint	unadjust	oestradiol_imputation
depression	primary_versus_oestradiol_linear_2	30718901_howard_2019	female_menstruation_regular_unadjust_oestradiol_imputation_log	1160230	(rg: 0.0156; 95% CI: -0.147 ... 0.178)	0.0156	0.0829	0.162484	-0.147 ... 0.178	0.8512	-0.146884	0.178084	1	0	0.0156	female_menstruation_regular	unadjust	oestradiol_imputation_log	logistic	joint	unadjust	oestradiol_priority
depression	primary_versus_oestradiol_linear_2	30718901_howard_2019	female_perimenopause_joint_1_oestradiol_imputation	1160229	(rg: -0.0692; 95% CI: -0.292 ... 0.154)	-0.0692	0.1137	0.222852	-0.292 ... 0.154	0.5429	-0.292052	0.153652	1	0	0.0692	female_perimenopause	joint_1	oestradiol_imputation	logistic	joint	adjust	oestradiol_imputation
depression	primary_versus_oestradiol_linear_2	30718901_howard_2019	female_perimenopause_joint_1_oestradiol_imputation_log	1160229	(rg: -0.0183; 95% CI: -0.166 ... 0.13)	-0.0183	0.0756	0.148176	-0.166 ... 0.13	0.8089	-0.166476	0.129876	1	0	0.0183	female_perimenopause	joint_1	oestradiol_imputation_log	logistic	joint	adjust	oestradiol_priority
depression	primary_versus_oestradiol_linear_2	30718901_howard_2019	female_perimenopause_unadjust_oestradiol_imputation	1160229	(rg: -0.1259; 95% CI: -0.357 ... 0.105)	-0.1259	0.1177	0.230692	-0.357 ... 0.105	0.2849	-0.356592	0.104792	1	0	0.1259	female_perimenopause	unadjust	oestradiol_imputation	logistic	joint	unadjust	oestradiol_imputation
depression	primary_versus_oestradiol_linear_2	30718901_howard_2019	female_perimenopause_unadjust_oestradiol_imputation_log	1160229	(rg: -0.0645; 95% CI: -0.23 ... 0.101)	-0.0645	0.0842	0.165032	-0.23 ... 0.101	0.4435	-0.229532	0.100532	1	0	0.0645	female_perimenopause	unadjust	oestradiol_imputation_log	logistic	joint	unadjust	oestradiol_priority
depression	primary_versus_oestradiol_linear_2	30718901_howard_2019	female_premenopause_joint_1_oestradiol_imputation	1160230	(rg: -0.0763; 95% CI: -0.274 ... 0.121)	-0.0763	0.1009	0.197764	-0.274 ... 0.121	0.4497	-0.274064	0.121464	1	0	0.0763	female_premenopause	joint_1	oestradiol_imputation	logistic	joint	adjust	oestradiol_imputation
depression	primary_versus_oestradiol_linear_2	30718901_howard_2019	female_premenopause_joint_1_oestradiol_imputation_log	1160230	(rg: 0.0049; 95% CI: -0.214 ... 0.224)	0.0049	0.1119	0.219324	-0.214 ... 0.224	0.9649	-0.214424	0.224224	1	0	0.0049	female_premenopause	joint_1	oestradiol_imputation_log	logistic	joint	adjust	oestradiol_priority
depression	primary_versus_oestradiol_linear_2	30718901_howard_2019	female_premenopause_unadjust_oestradiol_imputation	1160230	(rg: -0.2975; 95% CI: -1.091 ... 0.496)	-0.2975	0.4048	0.793408	-1.091 ... 0.496	0.4623	-1.090908	0.495908	1	0	0.2975	female_premenopause	unadjust	oestradiol_imputation	logistic	joint	unadjust	oestradiol_imputation
depression	primary_versus_oestradiol_linear_2	30718901_howard_2019	female_premenopause_unadjust_oestradiol_imputation_log	1160230	(rg: -0.0307; 95% CI: -0.18 ... 0.119)	-0.0307	0.0762	0.149352	-0.18 ... 0.119	0.6868	-0.180052	0.118652	1	0	0.0307	female_premenopause	unadjust	oestradiol_imputation_log	logistic	joint	unadjust	oestradiol_priority
depression	primary_versus_testosterone_linear	30718901_howard_2019	female_joint_1_testosterone_imputation	1160229	(rg: -0.0407; 95% CI: -0.087 ... 0.005)	-0.0407	0.0234	0.045864	-0.087 ... 0.005	0.0826	-0.086564	0.005164	1	0	0.0407	female	joint_1	testosterone_imputation	logistic	joint	adjust	testosterone_imputation
depression	primary_versus_testosterone_linear	30718901_howard_2019	female_joint_1_testosterone_imputation_log	1160229	(rg: -0.0346; 95% CI: -0.083 ... 0.013)	-0.0346	0.0245	0.04802	-0.083 ... 0.013	0.1569	-0.08262	0.01342	1	0	0.0346	female	joint_1	testosterone_imputation_log	logistic	joint	adjust	testosterone_imputation_log
depression	primary_versus_testosterone_linear	30718901_howard_2019	female_joint_1_testosterone_log	1160229	(rg: -0.0487; 95% CI: -0.101 ... 0.003)	-0.0487	0.0266	0.052136	-0.101 ... 0.003	0.0675	-0.100836	0.003436	1	0	0.0487	female	joint_1	testosterone_log	logistic	joint	adjust	testosterone_log
depression	primary_versus_testosterone_linear	30718901_howard_2019	female_menstruation_regular_joint_1_testosterone_imputation	1160230	(rg: -0.0124; 95% CI: -0.107 ... 0.082)	-0.0124	0.0481	0.094276	-0.107 ... 0.082	0.7962	-0.106676	0.081876	1	0	0.0124	female_menstruation_regular	joint_1	testosterone_imputation	logistic	joint	adjust	testosterone_imputation
depression	primary_versus_testosterone_linear	30718901_howard_2019	female_menstruation_regular_joint_1_testosterone_imputation_log	1160230	(rg: 0.0561; 95% CI: -0.03 ... 0.142)	0.0561	0.0439	0.086044	-0.03 ... 0.142	0.2016	-0.029944	0.142144	1	0	0.0561	female_menstruation_regular	joint_1	testosterone_imputation_log	logistic	joint	adjust	testosterone_imputation_log
depression	primary_versus_testosterone_linear	30718901_howard_2019	female_menstruation_regular_joint_1_testosterone_log	1160230	(rg: -0.0332; 95% CI: -0.151 ... 0.085)	-0.0332	0.0603	0.118188	-0.151 ... 0.085	0.5819	-0.151388	0.084988	1	0	0.0332	female_menstruation_regular	joint_1	testosterone_log	logistic	joint	adjust	testosterone_log
depression	primary_versus_testosterone_linear	30718901_howard_2019	female_menstruation_regular_unadjust_testosterone_imputation	1160230	(rg: -0.0028; 95% CI: -0.093 ... 0.087)	-0.0028	0.0458	0.089768	-0.093 ... 0.087	0.952	-0.092568	0.086968	1	0	0.0028	female_menstruation_regular	unadjust	testosterone_imputation	logistic	joint	unadjust	testosterone_imputation
depression	primary_versus_testosterone_linear	30718901_howard_2019	female_menstruation_regular_unadjust_testosterone_imputation_log	1160230	(rg: 0.0636; 95% CI: -0.022 ... 0.149)	0.0636	0.0435	0.08526	-0.022 ... 0.149	0.1442	-0.02166	0.14886	1	0	0.0636	female_menstruation_regular	unadjust	testosterone_imputation_log	logistic	joint	unadjust	testosterone_imputation_log
depression	primary_versus_testosterone_linear	30718901_howard_2019	female_menstruation_regular_unadjust_testosterone_log	1160230	(rg: -0.0177; 95% CI: -0.133 ... 0.098)	-0.0177	0.059	0.11564	-0.133 ... 0.098	0.7635	-0.13334	0.09794	1	0	0.0177	female_menstruation_regular	unadjust	testosterone_log	logistic	joint	unadjust	testosterone_log
depression	primary_versus_testosterone_linear	30718901_howard_2019	female_perimenopause_joint_1_testosterone_imputation	1160229	(rg: 0.0119; 95% CI: -0.079 ... 0.103)	0.0119	0.0466	0.091336	-0.079 ... 0.103	0.7978	-0.079436	0.103236	1	0	0.0119	female_perimenopause	joint_1	testosterone_imputation	logistic	joint	adjust	testosterone_imputation
depression	primary_versus_testosterone_linear	30718901_howard_2019	female_perimenopause_joint_1_testosterone_imputation_log	1160229	(rg: 0.0608; 95% CI: -0.033 ... 0.155)	0.0608	0.0481	0.094276	-0.033 ... 0.155	0.2059	-0.033476	0.155076	1	0	0.0608	female_perimenopause	joint_1	testosterone_imputation_log	logistic	joint	adjust	testosterone_imputation_log
depression	primary_versus_testosterone_linear	30718901_howard_2019	female_perimenopause_joint_1_testosterone_log	1160229	(rg: 0.0937; 95% CI: -0.057 ... 0.244)	0.0937	0.0768	0.150528	-0.057 ... 0.244	0.2225	-0.056828	0.244228	1	0	0.0937	female_perimenopause	joint_1	testosterone_log	logistic	joint	adjust	testosterone_log
depression	primary_versus_testosterone_linear	30718901_howard_2019	female_perimenopause_unadjust_testosterone_imputation	1160229	(rg: 0.0191; 95% CI: -0.073 ... 0.111)	0.0191	0.047	0.09212	-0.073 ... 0.111	0.6839	-0.07302	0.11122	1	0	0.0191	female_perimenopause	unadjust	testosterone_imputation	logistic	joint	unadjust	testosterone_imputation
depression	primary_versus_testosterone_linear	30718901_howard_2019	female_perimenopause_unadjust_testosterone_imputation_log	1160229	(rg: 0.0565; 95% CI: -0.036 ... 0.149)	0.0565	0.0472	0.092512	-0.036 ... 0.149	0.2314	-0.036012	0.149012	1	0	0.0565	female_perimenopause	unadjust	testosterone_imputation_log	logistic	joint	unadjust	testosterone_imputation_log
depression	primary_versus_testosterone_linear	30718901_howard_2019	female_perimenopause_unadjust_testosterone_log	1160229	(rg: 0.1023; 95% CI: -0.053 ... 0.258)	0.1023	0.0793	0.155428	-0.053 ... 0.258	0.197	-0.053128	0.257728	1	0	0.1023	female_perimenopause	unadjust	testosterone_log	logistic	joint	unadjust	testosterone_log
depression	primary_versus_testosterone_linear	30718901_howard_2019	female_postmenopause_joint_1_testosterone_imputation	1160229	(rg: -0.0455; 95% CI: -0.093 ... 0.002)	-0.0455	0.0244	0.047824	-0.093 ... 0.002	0.0619	-0.093324	0.002324	1	0	0.0455	female_postmenopause	joint_1	testosterone_imputation	logistic	joint	adjust	testosterone_imputation
depression	primary_versus_testosterone_linear	30718901_howard_2019	female_postmenopause_joint_1_testosterone_imputation_log	1160229	(rg: -0.0466; 95% CI: -0.096 ... 0.003)	-0.0466	0.0254	0.049784	-0.096 ... 0.003	0.0673	-0.096384	0.003184	1	0	0.0466	female_postmenopause	joint_1	testosterone_imputation_log	logistic	joint	adjust	testosterone_imputation_log
depression	primary_versus_testosterone_linear	30718901_howard_2019	female_postmenopause_joint_1_testosterone_log	1160229	(rg: -0.0611; 95% CI: -0.117 ... -0.005)	-0.0611	0.0286	0.056056	-0.117 ... -0.005	0.0326	-0.117156	-0.005044	1	1	0.0611	female_postmenopause	joint_1	testosterone_log	logistic	joint	adjust	testosterone_log
depression	primary_versus_testosterone_linear	30718901_howard_2019	female_postmenopause_unadjust_testosterone_imputation	1160229	(rg: -0.0375; 95% CI: -0.084 ... 0.009)	-0.0375	0.0237	0.046452	-0.084 ... 0.009	0.1136	-0.083952	0.008952	1	0	0.0375	female_postmenopause	unadjust	testosterone_imputation	logistic	joint	unadjust	testosterone_imputation
depression	primary_versus_testosterone_linear	30718901_howard_2019	female_postmenopause_unadjust_testosterone_imputation_log	1160229	(rg: -0.0542; 95% CI: -0.104 ... -0.005)	-0.0542	0.0252	0.049392	-0.104 ... -0.005	0.0313	-0.103592	-0.004808	1	1	0.0542	female_postmenopause	unadjust	testosterone_imputation_log	logistic	joint	unadjust	testosterone_imputation_log
depression	primary_versus_testosterone_linear	30718901_howard_2019	female_postmenopause_unadjust_testosterone_log	1160229	(rg: -0.053; 95% CI: -0.108 ... 0.002)	-0.053	0.0283	0.055468	-0.108 ... 0.002	0.0608	-0.108468	0.002468	1	0	0.053	female_postmenopause	unadjust	testosterone_log	logistic	joint	unadjust	testosterone_log
depression	primary_versus_testosterone_linear	30718901_howard_2019	female_premenopause_joint_1_testosterone_imputation	1160230	(rg: 0.0095; 95% CI: -0.106 ... 0.125)	0.0095	0.0591	0.115836	-0.106 ... 0.125	0.8727	-0.106336	0.125336	1	0	0.0095	female_premenopause	joint_1	testosterone_imputation	logistic	joint	adjust	testosterone_imputation
depression	primary_versus_testosterone_linear	30718901_howard_2019	female_premenopause_joint_1_testosterone_imputation_log	1160230	(rg: 0.0368; 95% CI: -0.057 ... 0.131)	0.0368	0.0479	0.093884	-0.057 ... 0.131	0.4433	-0.057084	0.130684	1	0	0.0368	female_premenopause	joint_1	testosterone_imputation_log	logistic	joint	adjust	testosterone_imputation_log
depression	primary_versus_testosterone_linear	30718901_howard_2019	female_premenopause_joint_1_testosterone_log	1160230	(rg: -0.1033; 95% CI: -0.268 ... 0.061)	-0.1033	0.0839	0.164444	-0.268 ... 0.061	0.218	-0.267744	0.061144	1	0	0.1033	female_premenopause	joint_1	testosterone_log	logistic	joint	adjust	testosterone_log
depression	primary_versus_testosterone_linear	30718901_howard_2019	female_premenopause_unadjust_testosterone_imputation	1160230	(rg: -0.0009; 95% CI: -0.098 ... 0.096)	-0.0009	0.0496	0.097216	-0.098 ... 0.096	0.9848	-0.098116	0.096316	1	0	0.0009	female_premenopause	unadjust	testosterone_imputation	logistic	joint	unadjust	testosterone_imputation
depression	primary_versus_testosterone_linear	30718901_howard_2019	female_premenopause_unadjust_testosterone_imputation_log	1160230	(rg: 0.0499; 95% CI: -0.041 ... 0.141)	0.0499	0.0463	0.090748	-0.041 ... 0.141	0.2812	-0.040848	0.140648	1	0	0.0499	female_premenopause	unadjust	testosterone_imputation_log	logistic	joint	unadjust	testosterone_imputation_log
depression	primary_versus_testosterone_linear	30718901_howard_2019	female_premenopause_unadjust_testosterone_log	1160230	(rg: -0.0843; 95% CI: -0.216 ... 0.047)	-0.0843	0.067	0.13132	-0.216 ... 0.047	0.2084	-0.21562	0.04702	1	0	0.0843	female_premenopause	unadjust	testosterone_log	logistic	joint	unadjust	testosterone_log
depression	primary_versus_testosterone_linear	30718901_howard_2019	female_unadjust_testosterone_imputation	1160229	(rg: -0.0289; 95% CI: -0.074 ... 0.017)	-0.0289	0.0232	0.045472	-0.074 ... 0.017	0.2134	-0.074372	0.016572	1	0	0.0289	female	unadjust	testosterone_imputation	logistic	joint	unadjust	testosterone_imputation
depression	primary_versus_testosterone_linear	30718901_howard_2019	female_unadjust_testosterone_imputation_log	1160229	(rg: -0.0333; 95% CI: -0.081 ... 0.014)	-0.0333	0.0242	0.047432	-0.081 ... 0.014	0.1687	-0.080732	0.014132	1	0	0.0333	female	unadjust	testosterone_imputation_log	logistic	joint	unadjust	testosterone_imputation_log
depression	primary_versus_testosterone_linear	30718901_howard_2019	female_unadjust_testosterone_log	1160229	(rg: -0.0358; 95% CI: -0.088 ... 0.016)	-0.0358	0.0264	0.051744	-0.088 ... 0.016	0.1756	-0.087544	0.015944	1	0	0.0358	female	unadjust	testosterone_log	logistic	joint	unadjust	testosterone_log
depression	primary_versus_testosterone_linear	30718901_howard_2019	male_age_high_joint_1_testosterone_imputation_log	1160229	(rg: -0.0076; 95% CI: -0.089 ... 0.074)	-0.0076	0.0414	0.081144	-0.089 ... 0.074	0.8542	-0.088744	0.073544	1	0	0.0076	male_age_high	joint_1	testosterone_imputation_log	logistic	joint	adjust	testosterone_imputation_log
depression	primary_versus_testosterone_linear	30718901_howard_2019	male_age_high_joint_1_testosterone_log	1160229	(rg: -0.0002; 95% CI: -0.064 ... 0.063)	-0.0002	0.0324	0.063504	-0.064 ... 0.063	0.9959	-0.063704	0.063304	1	0	0.0002	male_age_high	joint_1	testosterone_log	logistic	joint	adjust	testosterone_log
depression	primary_versus_testosterone_linear	30718901_howard_2019	male_age_high_unadjust_testosterone_imputation_log	1160229	(rg: -0.0685; 95% CI: -0.152 ... 0.015)	-0.0685	0.0428	0.083888	-0.152 ... 0.015	0.1093	-0.152388	0.015388	1	0	0.0685	male_age_high	unadjust	testosterone_imputation_log	logistic	joint	unadjust	testosterone_imputation_log
depression	primary_versus_testosterone_linear	30718901_howard_2019	male_age_high_unadjust_testosterone_log	1160229	(rg: -0.063; 95% CI: -0.127 ... 0.001)	-0.063	0.0324	0.063504	-0.127 ... 0.001	0.0521	-0.126504	0.000504	1	0	0.063	male_age_high	unadjust	testosterone_log	logistic	joint	unadjust	testosterone_log
depression	primary_versus_testosterone_linear	30718901_howard_2019	male_age_low_joint_1_testosterone_imputation	1160229	(rg: 0.0352; 95% CI: -0.027 ... 0.097)	0.0352	0.0315	0.06174	-0.027 ... 0.097	0.2634	-0.02654	0.09694	1	0	0.0352	male_age_low	joint_1	testosterone_imputation	logistic	joint	adjust	testosterone_imputation
depression	primary_versus_testosterone_linear	30718901_howard_2019	male_age_low_joint_1_testosterone_imputation_log	1160229	(rg: 0.0202; 95% CI: -0.047 ... 0.087)	0.0202	0.0342	0.067032	-0.047 ... 0.087	0.5546	-0.046832	0.087232	1	0	0.0202	male_age_low	joint_1	testosterone_imputation_log	logistic	joint	adjust	testosterone_imputation_log
depression	primary_versus_testosterone_linear	30718901_howard_2019	male_age_low_joint_1_testosterone_log	1160229	(rg: 0.0201; 95% CI: -0.041 ... 0.081)	0.0201	0.0312	0.061152	-0.041 ... 0.081	0.519	-0.041052	0.081252	1	0	0.0201	male_age_low	joint_1	testosterone_log	logistic	joint	adjust	testosterone_log
depression	primary_versus_testosterone_linear	30718901_howard_2019	male_age_low_unadjust_testosterone_imputation	1160229	(rg: -0.009; 95% CI: -0.07 ... 0.052)	-0.009	0.0312	0.061152	-0.07 ... 0.052	0.7738	-0.070152	0.052152	1	0	0.009	male_age_low	unadjust	testosterone_imputation	logistic	joint	unadjust	testosterone_imputation
depression	primary_versus_testosterone_linear	30718901_howard_2019	male_age_low_unadjust_testosterone_imputation_log	1160229	(rg: -0.0345; 95% CI: -0.1 ... 0.031)	-0.0345	0.0334	0.065464	-0.1 ... 0.031	0.3008	-0.099964	0.030964	1	0	0.0345	male_age_low	unadjust	testosterone_imputation_log	logistic	joint	unadjust	testosterone_imputation_log
depression	primary_versus_testosterone_linear	30718901_howard_2019	male_age_low_unadjust_testosterone_log	1160229	(rg: -0.0255; 95% CI: -0.084 ... 0.033)	-0.0255	0.0301	0.058996	-0.084 ... 0.033	0.3968	-0.084496	0.033496	1	0	0.0255	male_age_low	unadjust	testosterone_log	logistic	joint	unadjust	testosterone_log
depression	primary_versus_testosterone_linear	30718901_howard_2019	male_age_middle_joint_1_testosterone_imputation	1160229	(rg: -0.0069; 95% CI: -0.064 ... 0.05)	-0.0069	0.0289	0.056644	-0.064 ... 0.05	0.8121	-0.063544	0.049744	1	0	0.0069	male_age_middle	joint_1	testosterone_imputation	logistic	joint	adjust	testosterone_imputation
depression	primary_versus_testosterone_linear	30718901_howard_2019	male_age_middle_joint_1_testosterone_imputation_log	1160229	(rg: -0.0186; 95% CI: -0.083 ... 0.046)	-0.0186	0.0331	0.064876	-0.083 ... 0.046	0.5738	-0.083476	0.046276	1	0	0.0186	male_age_middle	joint_1	testosterone_imputation_log	logistic	joint	adjust	testosterone_imputation_log
depression	primary_versus_testosterone_linear	30718901_howard_2019	male_age_middle_joint_1_testosterone_log	1160229	(rg: -0.0267; 95% CI: -0.086 ... 0.033)	-0.0267	0.0303	0.059388	-0.086 ... 0.033	0.3793	-0.086088	0.032688	1	0	0.0267	male_age_middle	joint_1	testosterone_log	logistic	joint	adjust	testosterone_log
depression	primary_versus_testosterone_linear	30718901_howard_2019	male_age_middle_unadjust_testosterone_imputation_log	1160229	(rg: -0.0733; 95% CI: -0.14 ... -0.007)	-0.0733	0.0339	0.066444	-0.14 ... -0.007	0.0309	-0.139744	-0.006856	1	1	0.0733	male_age_middle	unadjust	testosterone_imputation_log	logistic	joint	unadjust	testosterone_imputation_log
depression	primary_versus_testosterone_linear	30718901_howard_2019	male_age_middle_unadjust_testosterone_log	1160229	(rg: -0.0843; 95% CI: -0.145 ... -0.023)	-0.0843	0.0311	0.060956	-0.145 ... -0.023	0.0068	-0.145256	-0.023344	1	1	0.0843	male_age_middle	unadjust	testosterone_log	logistic	joint	unadjust	testosterone_log
depression	primary_versus_testosterone_linear	30718901_howard_2019	male_joint_1_testosterone_imputation	1160229	(rg: 0.01; 95% CI: -0.032 ... 0.052)	0.01	0.0212	0.041552	-0.032 ... 0.052	0.6383	-0.031552	0.051552	1	0	0.01	male	joint_1	testosterone_imputation	logistic	joint	adjust	testosterone_imputation
depression	primary_versus_testosterone_linear	30718901_howard_2019	male_joint_1_testosterone_imputation_log	1160229	(rg: -0.0064; 95% CI: -0.055 ... 0.042)	-0.0064	0.0248	0.048608	-0.055 ... 0.042	0.7959	-0.055008	0.042208	1	0	0.0064	male	joint_1	testosterone_imputation_log	logistic	joint	adjust	testosterone_imputation_log
depression	primary_versus_testosterone_linear	30718901_howard_2019	male_joint_1_testosterone_log	1160229	(rg: -0.0071; 95% CI: -0.051 ... 0.037)	-0.0071	0.0223	0.043708	-0.051 ... 0.037	0.7511	-0.050808	0.036608	1	0	0.0071	male	joint_1	testosterone_log	logistic	joint	adjust	testosterone_log
depression	primary_versus_testosterone_linear	30718901_howard_2019	male_unadjust_testosterone_imputation	1160229	(rg: -0.0396; 95% CI: -0.083 ... 0.004)	-0.0396	0.022	0.04312	-0.083 ... 0.004	0.0722	-0.08272	0.00352	1	0	0.0396	male	unadjust	testosterone_imputation	logistic	joint	unadjust	testosterone_imputation
depression	primary_versus_testosterone_linear	30718901_howard_2019	male_unadjust_testosterone_imputation_log	1160229	(rg: -0.0588; 95% CI: -0.108 ... -0.009)	-0.0588	0.0253	0.049588	-0.108 ... -0.009	0.0204	-0.108388	-0.009212	1	1	0.0588	male	unadjust	testosterone_imputation_log	logistic	joint	unadjust	testosterone_imputation_log
depression	primary_versus_testosterone_linear	30718901_howard_2019	male_unadjust_testosterone_log	1160229	(rg: -0.0575; 95% CI: -0.103 ... -0.012)	-0.0575	0.0232	0.045472	-0.103 ... -0.012	0.013	-0.102972	-0.012028	1	1	0.0575	male	unadjust	testosterone_log	logistic	joint	unadjust	testosterone_log
depression	primary_versus_oestradiol_linear_1	30718901_howard_2019	female_joint_1_oestradiol_log	1160229	(rg: nan; 95% CI: nan ... nan)	nan	nan	nan	nan ... nan	nan	nan	nan	nan	nan	nan	female	joint_1	oestradiol_log	logistic	joint	adjust	oestradiol_log
depression	primary_versus_oestradiol_linear_1	30718901_howard_2019	female_menstruation_regular_joint_1_oestradiol_log	1160230	(rg: -0.0872; 95% CI: -0.61 ... 0.436)	-0.0872	0.2667	0.522732	-0.61 ... 0.436	0.7437	-0.609932	0.435532	1	0	0.0872	female_menstruation_regular	joint_1	oestradiol_log	logistic	joint	adjust	oestradiol_log
depression	primary_versus_oestradiol_linear_1	30718901_howard_2019	female_menstruation_regular_unadjust_oestradiol_log	1160230	(rg: -0.1407; 95% CI: -0.496 ... 0.215)	-0.1407	0.1815	0.35574	-0.496 ... 0.215	0.4381	-0.49644	0.21504	1	0	0.1407	female_menstruation_regular	unadjust	oestradiol_log	logistic	joint	unadjust	oestradiol_log
depression	primary_versus_oestradiol_linear_1	30718901_howard_2019	female_perimenopause_joint_1_oestradiol_log	1160231	(rg: -0.2835; 95% CI: -1.651 ... 1.084)	-0.2835	0.6977	1.367492	-1.651 ... 1.084	0.6845	-1.650992	1.083992	0	0	0.2835	female_perimenopause	joint_1	oestradiol_log	logistic	joint	adjust	oestradiol_log
depression	primary_versus_oestradiol_linear_1	30718901_howard_2019	female_perimenopause_unadjust_oestradiol_log	1160231	(rg: -0.3163; 95% CI: -1.03 ... 0.398)	-0.3163	0.3642	0.713832	-1.03 ... 0.398	0.3852	-1.030132	0.397532	1	0	0.3163	female_perimenopause	unadjust	oestradiol_log	logistic	joint	unadjust	oestradiol_log
depression	primary_versus_oestradiol_linear_1	30718901_howard_2019	female_postmenopause_joint_1_oestradiol_log	1160231	(rg: -0.4632; 95% CI: -1.405 ... 0.479)	-0.4632	0.4806	0.941976	-1.405 ... 0.479	0.3351	-1.405176	0.478776	1	0	0.4632	female_postmenopause	joint_1	oestradiol_log	logistic	joint	adjust	oestradiol_log
depression	primary_versus_oestradiol_linear_1	30718901_howard_2019	female_postmenopause_unadjust_oestradiol_log	1160231	(rg: -0.3766; 95% CI: -1.239 ... 0.486)	-0.3766	0.44	0.8624	-1.239 ... 0.486	0.3921	-1.239	0.4858	1	0	0.3766	female_postmenopause	unadjust	oestradiol_log	logistic	joint	unadjust	oestradiol_log
depression	primary_versus_oestradiol_linear_1	30718901_howard_2019	female_premenopause_joint_1_oestradiol_log	1160230	(rg: nan; 95% CI: nan ... nan)	nan	nan	nan	nan ... nan	nan	nan	nan	nan	nan	nan	female_premenopause	joint_1	oestradiol_log	logistic	joint	adjust	oestradiol_log
depression	primary_versus_oestradiol_linear_1	30718901_howard_2019	female_premenopause_unadjust_oestradiol_log	1160230	(rg: nan; 95% CI: nan ... nan)	nan	nan	nan	nan ... nan	nan	nan	nan	nan	nan	nan	female_premenopause	unadjust	oestradiol_log	logistic	joint	unadjust	oestradiol_log
depression	primary_versus_oestradiol_linear_1	30718901_howard_2019	female_unadjust_oestradiol_log	1160229	(rg: nan; 95% CI: nan ... nan)	nan	nan	nan	nan ... nan	nan	nan	nan	nan	nan	nan	female	unadjust	oestradiol_log	logistic	joint	unadjust	oestradiol_log
depression	primary_versus_oestradiol_linear_1	30718901_howard_2019	male_age_high_joint_1_oestradiol_log	1160235	(rg: -0.1816; 95% CI: -0.391 ... 0.028)	-0.1816	0.1069	0.209524	-0.391 ... 0.028	0.0894	-0.391124	0.027924	1	0	0.1816	male_age_high	joint_1	oestradiol_log	logistic	joint	adjust	oestradiol_log
depression	primary_versus_oestradiol_linear_1	30718901_howard_2019	male_age_high_unadjust_oestradiol_log	1160235	(rg: -0.1792; 95% CI: -0.387 ... 0.029)	-0.1792	0.106	0.20776	-0.387 ... 0.029	0.0911	-0.38696	0.02856	1	0	0.1792	male_age_high	unadjust	oestradiol_log	logistic	joint	unadjust	oestradiol_log
depression	primary_versus_oestradiol_linear_1	30718901_howard_2019	male_age_low_joint_1_oestradiol_log	1160234	(rg: 0.0335; 95% CI: -0.212 ... 0.279)	0.0335	0.1253	0.245588	-0.212 ... 0.279	0.789	-0.212088	0.279088	1	0	0.0335	male_age_low	joint_1	oestradiol_log	logistic	joint	adjust	oestradiol_log
depression	primary_versus_oestradiol_linear_1	30718901_howard_2019	male_age_low_unadjust_oestradiol_log	1160234	(rg: 0.043; 95% CI: -0.168 ... 0.254)	0.043	0.1077	0.211092	-0.168 ... 0.254	0.6894	-0.168092	0.254092	1	0	0.043	male_age_low	unadjust	oestradiol_log	logistic	joint	unadjust	oestradiol_log
depression	primary_versus_oestradiol_linear_1	30718901_howard_2019	male_age_middle_joint_1_oestradiol_log	1160232	(rg: -0.0324; 95% CI: -0.251 ... 0.187)	-0.0324	0.1117	0.218932	-0.251 ... 0.187	0.7714	-0.251332	0.186532	1	0	0.0324	male_age_middle	joint_1	oestradiol_log	logistic	joint	adjust	oestradiol_log
depression	primary_versus_oestradiol_linear_1	30718901_howard_2019	male_age_middle_unadjust_oestradiol_log	1160232	(rg: -0.0201; 95% CI: -0.207 ... 0.167)	-0.0201	0.0956	0.187376	-0.207 ... 0.167	0.8331	-0.207476	0.167276	1	0	0.0201	male_age_middle	unadjust	oestradiol_log	logistic	joint	unadjust	oestradiol_log
depression	primary_versus_oestradiol_linear_1	30718901_howard_2019	male_joint_1_oestradiol_log	1160229	(rg: -0.0822; 95% CI: -0.24 ... 0.076)	-0.0822	0.0805	0.15778	-0.24 ... 0.076	0.3068	-0.23998	0.07558	1	0	0.0822	male	joint_1	oestradiol_log	logistic	joint	adjust	oestradiol_log
depression	primary_versus_oestradiol_linear_1	30718901_howard_2019	male_unadjust_oestradiol_log	1160229	(rg: -0.064; 95% CI: -0.216 ... 0.088)	-0.064	0.0775	0.1519	-0.216 ... 0.088	0.4091	-0.2159	0.0879	1	0	0.064	male	unadjust	oestradiol_log	logistic	joint	unadjust	oestradiol_log
depression	primary_versus_testosterone_free_linear	30718901_howard_2019	female_joint_1_testosterone_free_imputation_log	1160229	(rg: -0.034; 95% CI: -0.075 ... 0.007)	-0.034	0.0211	0.041356	-0.075 ... 0.007	0.1071	-0.075356	0.007356	1	0	0.034	female	joint_1	testosterone_free_imputation_log	logistic	joint	adjust	testosterone_free_imputation_log
depression	primary_versus_testosterone_free_linear	30718901_howard_2019	female_menstruation_regular_joint_1_testosterone_free_imputation_log	1160230	(rg: 0.0025; 95% CI: -0.076 ... 0.081)	0.0025	0.0401	0.078596	-0.076 ... 0.081	0.9493	-0.076096	0.081096	1	0	0.0025	female_menstruation_regular	joint_1	testosterone_free_imputation_log	logistic	joint	adjust	testosterone_free_imputation_log
depression	primary_versus_testosterone_free_linear	30718901_howard_2019	female_menstruation_regular_unadjust_testosterone_free_imputation_log	1160230	(rg: 0.0424; 95% CI: -0.034 ... 0.119)	0.0424	0.0392	0.076832	-0.034 ... 0.119	0.2801	-0.034432	0.119232	1	0	0.0424	female_menstruation_regular	unadjust	testosterone_free_imputation_log	logistic	joint	unadjust	testosterone_free_imputation_log
depression	primary_versus_testosterone_free_linear	30718901_howard_2019	female_perimenopause_joint_1_testosterone_free_imputation_log	1160229	(rg: 0.048; 95% CI: -0.042 ... 0.138)	0.048	0.046	0.09016	-0.042 ... 0.138	0.2967	-0.04216	0.13816	1	0	0.048	female_perimenopause	joint_1	testosterone_free_imputation_log	logistic	joint	adjust	testosterone_free_imputation_log
depression	primary_versus_testosterone_free_linear	30718901_howard_2019	female_perimenopause_unadjust_testosterone_free_imputation_log	1160229	(rg: 0.0774; 95% CI: -0.015 ... 0.169)	0.0774	0.0469	0.091924	-0.015 ... 0.169	0.0989	-0.014524	0.169324	1	0	0.0774	female_perimenopause	unadjust	testosterone_free_imputation_log	logistic	joint	unadjust	testosterone_free_imputation_log
depression	primary_versus_testosterone_free_linear	30718901_howard_2019	female_postmenopause_joint_1_testosterone_free_imputation_log	1160229	(rg: -0.051; 95% CI: -0.094 ... -0.008)	-0.051	0.0219	0.042924	-0.094 ... -0.008	0.02	-0.093924	-0.008076	1	1	0.051	female_postmenopause	joint_1	testosterone_free_imputation_log	logistic	joint	adjust	testosterone_free_imputation_log
depression	primary_versus_testosterone_free_linear	30718901_howard_2019	female_postmenopause_unadjust_testosterone_free_imputation_log	1160229	(rg: -0.0339; 95% CI: -0.076 ... 0.008)	-0.0339	0.0215	0.04214	-0.076 ... 0.008	0.1158	-0.07604	0.00824	1	0	0.0339	female_postmenopause	unadjust	testosterone_free_imputation_log	logistic	joint	unadjust	testosterone_free_imputation_log
depression	primary_versus_testosterone_free_linear	30718901_howard_2019	female_premenopause_joint_1_testosterone_free_imputation_log	1160230	(rg: 0.0024; 95% CI: -0.089 ... 0.094)	0.0024	0.0466	0.091336	-0.089 ... 0.094	0.9593	-0.088936	0.093736	1	0	0.0024	female_premenopause	joint_1	testosterone_free_imputation_log	logistic	joint	adjust	testosterone_free_imputation_log
depression	primary_versus_testosterone_free_linear	30718901_howard_2019	female_premenopause_unadjust_testosterone_free_imputation_log	1160230	(rg: 0.0484; 95% CI: -0.035 ... 0.132)	0.0484	0.0428	0.083888	-0.035 ... 0.132	0.2583	-0.035488	0.132288	1	0	0.0484	female_premenopause	unadjust	testosterone_free_imputation_log	logistic	joint	unadjust	testosterone_free_imputation_log
depression	primary_versus_testosterone_free_linear	30718901_howard_2019	female_unadjust_testosterone_free_imputation_log	1160229	(rg: -0.0093; 95% CI: -0.051 ... 0.033)	-0.0093	0.0214	0.041944	-0.051 ... 0.033	0.6626	-0.051244	0.032644	1	0	0.0093	female	unadjust	testosterone_free_imputation_log	logistic	joint	unadjust	testosterone_free_imputation_log
depression	primary_versus_testosterone_free_linear	30718901_howard_2019	male_age_high_joint_1_testosterone_free_imputation_log	1160229	(rg: -0.0222; 95% CI: -0.117 ... 0.073)	-0.0222	0.0484	0.094864	-0.117 ... 0.073	0.6466	-0.117064	0.072664	1	0	0.0222	male_age_high	joint_1	testosterone_free_imputation_log	logistic	joint	adjust	testosterone_free_imputation_log
depression	primary_versus_testosterone_free_linear	30718901_howard_2019	male_age_high_unadjust_testosterone_free_imputation_log	1160229	(rg: -0.0795; 95% CI: -0.174 ... 0.015)	-0.0795	0.048	0.09408	-0.174 ... 0.015	0.0974	-0.17358	0.01458	1	0	0.0795	male_age_high	unadjust	testosterone_free_imputation_log	logistic	joint	unadjust	testosterone_free_imputation_log
depression	primary_versus_testosterone_free_linear	30718901_howard_2019	male_age_low_joint_1_testosterone_free_imputation_log	1160229	(rg: 0.0267; 95% CI: -0.064 ... 0.117)	0.0267	0.0461	0.090356	-0.064 ... 0.117	0.5627	-0.063656	0.117056	1	0	0.0267	male_age_low	joint_1	testosterone_free_imputation_log	logistic	joint	adjust	testosterone_free_imputation_log
depression	primary_versus_testosterone_free_linear	30718901_howard_2019	male_age_low_unadjust_testosterone_free_imputation_log	1160229	(rg: -0.0245; 95% CI: -0.114 ... 0.065)	-0.0245	0.0455	0.08918	-0.114 ... 0.065	0.5897	-0.11368	0.06468	1	0	0.0245	male_age_low	unadjust	testosterone_free_imputation_log	logistic	joint	unadjust	testosterone_free_imputation_log
depression	primary_versus_testosterone_free_linear	30718901_howard_2019	male_age_middle_joint_1_testosterone_free_imputation_log	1160229	(rg: -0.0211; 95% CI: -0.104 ... 0.061)	-0.0211	0.0421	0.082516	-0.104 ... 0.061	0.6154	-0.103616	0.061416	1	0	0.0211	male_age_middle	joint_1	testosterone_free_imputation_log	logistic	joint	adjust	testosterone_free_imputation_log
depression	primary_versus_testosterone_free_linear	30718901_howard_2019	male_age_middle_unadjust_testosterone_free_imputation_log	1160229	(rg: -0.0668; 95% CI: -0.147 ... 0.013)	-0.0668	0.0407	0.079772	-0.147 ... 0.013	0.1008	-0.146572	0.012972	1	0	0.0668	male_age_middle	unadjust	testosterone_free_imputation_log	logistic	joint	unadjust	testosterone_free_imputation_log
depression	primary_versus_testosterone_free_linear	30718901_howard_2019	male_joint_1_testosterone_free_imputation_log	1160229	(rg: -0.0152; 95% CI: -0.074 ... 0.044)	-0.0152	0.03	0.0588	-0.074 ... 0.044	0.6127	-0.074	0.0436	1	0	0.0152	male	joint_1	testosterone_free_imputation_log	logistic	joint	adjust	testosterone_free_imputation_log
depression	primary_versus_testosterone_free_linear	30718901_howard_2019	male_unadjust_testosterone_free_imputation_log	1160229	(rg: -0.047; 95% CI: -0.105 ... 0.011)	-0.047	0.0294	0.057624	-0.105 ... 0.011	0.1099	-0.104624	0.010624	1	0	0.047	male	unadjust	testosterone_free_imputation_log	logistic	joint	unadjust	testosterone_free_imputation_log
depression	primary_versus_testosterone_bioavailable_linear	30718901_howard_2019	female_joint_1_testosterone_bioavailable_imputation_log	1160229	(rg: -0.0326; 95% CI: -0.075 ... 0.01)	-0.0326	0.0215	0.04214	-0.075 ... 0.01	0.1297	-0.07474	0.00954	1	0	0.0326	female	joint_1	testosterone_bioavailable_imputation_log	logistic	joint	adjust	testosterone_bioavailable_imputation_log
depression	primary_versus_testosterone_bioavailable_linear	30718901_howard_2019	female_menstruation_regular_joint_1_testosterone_bioavailable_imputation_log	1160230	(rg: 0.0147; 95% CI: -0.066 ... 0.095)	0.0147	0.0411	0.080556	-0.066 ... 0.095	0.7207	-0.065856	0.095256	1	0	0.0147	female_menstruation_regular	joint_1	testosterone_bioavailable_imputation_log	logistic	joint	adjust	testosterone_bioavailable_imputation_log
depression	primary_versus_testosterone_bioavailable_linear	30718901_howard_2019	female_menstruation_regular_unadjust_testosterone_bioavailable_imputation_log	1160230	(rg: 0.0553; 95% CI: -0.025 ... 0.136)	0.0553	0.0412	0.080752	-0.025 ... 0.136	0.1796	-0.025452	0.136052	1	0	0.0553	female_menstruation_regular	unadjust	testosterone_bioavailable_imputation_log	logistic	joint	unadjust	testosterone_bioavailable_imputation_log
depression	primary_versus_testosterone_bioavailable_linear	30718901_howard_2019	female_perimenopause_joint_1_testosterone_bioavailable_imputation_log	1160229	(rg: 0.0452; 95% CI: -0.045 ... 0.136)	0.0452	0.0461	0.090356	-0.045 ... 0.136	0.3271	-0.045156	0.135556	1	0	0.0452	female_perimenopause	joint_1	testosterone_bioavailable_imputation_log	logistic	joint	adjust	testosterone_bioavailable_imputation_log
depression	primary_versus_testosterone_bioavailable_linear	30718901_howard_2019	female_perimenopause_unadjust_testosterone_bioavailable_imputation_log	1160229	(rg: 0.0743; 95% CI: -0.017 ... 0.166)	0.0743	0.0467	0.091532	-0.017 ... 0.166	0.1116	-0.017232	0.165832	1	0	0.0743	female_perimenopause	unadjust	testosterone_bioavailable_imputation_log	logistic	joint	unadjust	testosterone_bioavailable_imputation_log
depression	primary_versus_testosterone_bioavailable_linear	30718901_howard_2019	female_postmenopause_joint_1_testosterone_bioavailable_imputation_log	1160229	(rg: -0.0514; 95% CI: -0.095 ... -0.008)	-0.0514	0.0222	0.043512	-0.095 ... -0.008	0.0206	-0.094912	-0.007888	1	1	0.0514	female_postmenopause	joint_1	testosterone_bioavailable_imputation_log	logistic	joint	adjust	testosterone_bioavailable_imputation_log
depression	primary_versus_testosterone_bioavailable_linear	30718901_howard_2019	female_postmenopause_unadjust_testosterone_bioavailable_imputation_log	1160229	(rg: -0.0368; 95% CI: -0.08 ... 0.007)	-0.0368	0.0221	0.043316	-0.08 ... 0.007	0.0964	-0.080116	0.006516	1	0	0.0368	female_postmenopause	unadjust	testosterone_bioavailable_imputation_log	logistic	joint	unadjust	testosterone_bioavailable_imputation_log
depression	primary_versus_testosterone_bioavailable_linear	30718901_howard_2019	female_premenopause_joint_1_testosterone_bioavailable_imputation_log	1160230	(rg: 0.0186; 95% CI: -0.074 ... 0.112)	0.0186	0.0474	0.092904	-0.074 ... 0.112	0.6954	-0.074304	0.111504	1	0	0.0186	female_premenopause	joint_1	testosterone_bioavailable_imputation_log	logistic	joint	adjust	testosterone_bioavailable_imputation_log
depression	primary_versus_testosterone_bioavailable_linear	30718901_howard_2019	female_premenopause_unadjust_testosterone_bioavailable_imputation_log	1160230	(rg: 0.0601; 95% CI: -0.026 ... 0.146)	0.0601	0.044	0.08624	-0.026 ... 0.146	0.1715	-0.02614	0.14634	1	0	0.0601	female_premenopause	unadjust	testosterone_bioavailable_imputation_log	logistic	joint	unadjust	testosterone_bioavailable_imputation_log
depression	primary_versus_testosterone_bioavailable_linear	30718901_howard_2019	female_unadjust_testosterone_bioavailable_imputation_log	1160229	(rg: -0.0123; 95% CI: -0.055 ... 0.03)	-0.0123	0.0217	0.042532	-0.055 ... 0.03	0.5712	-0.054832	0.030232	1	0	0.0123	female	unadjust	testosterone_bioavailable_imputation_log	logistic	joint	unadjust	testosterone_bioavailable_imputation_log
depression	primary_versus_testosterone_bioavailable_linear	30718901_howard_2019	male_age_high_joint_1_testosterone_bioavailable_imputation_log	1160229	(rg: -0.0295; 95% CI: -0.132 ... 0.073)	-0.0295	0.0522	0.102312	-0.132 ... 0.073	0.5721	-0.131812	0.072812	1	0	0.0295	male_age_high	joint_1	testosterone_bioavailable_imputation_log	logistic	joint	adjust	testosterone_bioavailable_imputation_log
depression	primary_versus_testosterone_bioavailable_linear	30718901_howard_2019	male_age_high_unadjust_testosterone_bioavailable_imputation_log	1160229	(rg: -0.0827; 95% CI: -0.184 ... 0.019)	-0.0827	0.0519	0.101724	-0.184 ... 0.019	0.1111	-0.184424	0.019024	1	0	0.0827	male_age_high	unadjust	testosterone_bioavailable_imputation_log	logistic	joint	unadjust	testosterone_bioavailable_imputation_log
depression	primary_versus_testosterone_bioavailable_linear	30718901_howard_2019	male_age_low_joint_1_testosterone_bioavailable_imputation_log	1160229	(rg: 0.0228; 95% CI: -0.07 ... 0.116)	0.0228	0.0475	0.0931	-0.07 ... 0.116	0.6313	-0.0703	0.1159	1	0	0.0228	male_age_low	joint_1	testosterone_bioavailable_imputation_log	logistic	joint	adjust	testosterone_bioavailable_imputation_log
depression	primary_versus_testosterone_bioavailable_linear	30718901_howard_2019	male_age_low_unadjust_testosterone_bioavailable_imputation_log	1160229	(rg: -0.0243; 95% CI: -0.114 ... 0.066)	-0.0243	0.046	0.09016	-0.114 ... 0.066	0.5967	-0.11446	0.06586	1	0	0.0243	male_age_low	unadjust	testosterone_bioavailable_imputation_log	logistic	joint	unadjust	testosterone_bioavailable_imputation_log
depression	primary_versus_testosterone_bioavailable_linear	30718901_howard_2019	male_age_middle_joint_1_testosterone_bioavailable_imputation_log	1160229	(rg: -0.0264; 95% CI: -0.107 ... 0.054)	-0.0264	0.0412	0.080752	-0.107 ... 0.054	0.5217	-0.107152	0.054352	1	0	0.0264	male_age_middle	joint_1	testosterone_bioavailable_imputation_log	logistic	joint	adjust	testosterone_bioavailable_imputation_log
depression	primary_versus_testosterone_bioavailable_linear	30718901_howard_2019	male_age_middle_unadjust_testosterone_bioavailable_imputation_log	1160229	(rg: -0.0726; 95% CI: -0.151 ... 0.006)	-0.0726	0.0401	0.078596	-0.151 ... 0.006	0.0701	-0.151196	0.005996	1	0	0.0726	male_age_middle	unadjust	testosterone_bioavailable_imputation_log	logistic	joint	unadjust	testosterone_bioavailable_imputation_log
depression	primary_versus_testosterone_bioavailable_linear	30718901_howard_2019	male_joint_1_testosterone_bioavailable_imputation_log	1160229	(rg: -0.0174; 95% CI: -0.078 ... 0.044)	-0.0174	0.0311	0.060956	-0.078 ... 0.044	0.5754	-0.078356	0.043556	1	0	0.0174	male	joint_1	testosterone_bioavailable_imputation_log	logistic	joint	adjust	testosterone_bioavailable_imputation_log
depression	primary_versus_testosterone_bioavailable_linear	30718901_howard_2019	male_unadjust_testosterone_bioavailable_imputation_log	1160229	(rg: -0.0511; 95% CI: -0.112 ... 0.01)	-0.0511	0.031	0.06076	-0.112 ... 0.01	0.0995	-0.11186	0.00966	1	0	0.0511	male	unadjust	testosterone_bioavailable_imputation_log	logistic	joint	unadjust	testosterone_bioavailable_imputation_log
depression	primary_versus_albumin_linear_2	30718901_howard_2019	female_male_priority_male_joint_1_albumin_imputation	1160229	(rg: -0.0058; 95% CI: -0.042 ... 0.03)	-0.0058	0.0183	0.035868	-0.042 ... 0.03	0.7501	-0.041668	0.030068	1	0	0.0058	female_male	joint_1	albumin_imputation	logistic	joint	adjust	albumin_imputation
depression	primary_versus_albumin_linear_2	30718901_howard_2019	female_male_priority_male_unadjust_albumin_imputation	1160229	(rg: -0.0388; 95% CI: -0.076 ... -0.002)	-0.0388	0.0188	0.036848	-0.076 ... -0.002	0.0397	-0.075648	-0.001952	1	1	0.0388	female_male	unadjust	albumin_imputation	logistic	joint	unadjust	albumin_imputation
depression	nan	30718901_howard_2019	male_age_middle_unadjust_testosterone_imputation	nan	nan	nan	nan	nan	nan	nan	nan	nan	nan	nan	nan	male_age_middle	unadjust	testosterone_imputation	logistic	joint	unadjust	testosterone_imputation
depression	nan	30718901_howard_2019	male_age_high_unadjust_testosterone_imputation	nan	nan	nan	nan	nan	nan	nan	nan	nan	nan	nan	nan	male_age_high	unadjust	testosterone_imputation	logistic	joint	unadjust	testosterone_imputation
depression	nan	30718901_howard_2019	male_age_high_joint_1_testosterone_imputation	nan	nan	nan	nan	nan	nan	nan	nan	nan	nan	nan	nan	male_age_high	joint_1	testosterone_imputation	logistic	joint	adjust	testosterone_imputation
