design	study_primary	phenotype_primary	dependence_type	study_secondary	cohort	model_adjustment	model_context	phenotype_secondary	variable	variants	summary	correlation	standard_error	interval_95	confidence_95_range	probability	confidence_95_low	confidence_95_high	confidence_95_not_one	confidence_95_not_zero	correlation_absolute
primary_versus_albumin_linear_1	30482948_walters_2018_eur_unrel_genotype	alcohol_use_disorder	logistic	female_joint_1_albumin_imputation	female	adjust	joint	albumin_imputation	albumin_imputation	1168441	(rg: 0.0753; 95% CI: -0.062 ... 0.212)	0.0753	0.0698	0.136808	-0.062 ... 0.212	0.2803	-0.061508	0.212108	1	0	0.0753
primary_versus_albumin_linear_1	30482948_walters_2018_eur_unrel_genotype	alcohol_use_disorder	logistic	female_unadjust_albumin_imputation	female	unadjust	joint	albumin_imputation	albumin_imputation	1168441	(rg: 0.02; 95% CI: -0.11 ... 0.15)	0.02	0.0663	0.129948	-0.11 ... 0.15	0.763	-0.109948	0.149948	1	0	0.02
primary_versus_oestradiol_bioavailable_linear	30482948_walters_2018_eur_unrel_genotype	alcohol_use_disorder	logistic	female_joint_1_oestradiol_bioavailable_imputation_log	female	adjust	joint	oestradiol_bioavailable_imputation_log	oestradiol_bioavailable_imputation_log	1168441	(rg: -0.0865; 95% CI: -0.337 ... 0.164)	-0.0865	0.1278	0.250488	-0.337 ... 0.164	0.4985	-0.336988	0.163988	1	0	0.0865
primary_versus_oestradiol_bioavailable_linear	30482948_walters_2018_eur_unrel_genotype	alcohol_use_disorder	logistic	female_unadjust_oestradiol_bioavailable_imputation_log	female	unadjust	joint	oestradiol_bioavailable_imputation_log	oestradiol_bioavailable_imputation_log	1168441	(rg: 0.0933; 95% CI: -0.156 ... 0.342)	0.0933	0.1271	0.249116	-0.156 ... 0.342	0.4629	-0.155816	0.342416	1	0	0.0933
primary_versus_oestradiol_free_linear	30482948_walters_2018_eur_unrel_genotype	alcohol_use_disorder	logistic	female_joint_1_oestradiol_free_imputation_log	female	adjust	joint	oestradiol_free_imputation_log	oestradiol_free_imputation_log	1168441	(rg: -0.0942; 95% CI: -0.395 ... 0.207)	-0.0942	0.1536	0.301056	-0.395 ... 0.207	0.5399	-0.395256	0.206856	1	0	0.0942
primary_versus_oestradiol_free_linear	30482948_walters_2018_eur_unrel_genotype	alcohol_use_disorder	logistic	female_unadjust_oestradiol_free_imputation_log	female	unadjust	joint	oestradiol_free_imputation_log	oestradiol_free_imputation_log	1168441	(rg: 0.0936; 95% CI: -0.179 ... 0.366)	0.0936	0.1392	0.272832	-0.179 ... 0.366	0.501	-0.179232	0.366432	1	0	0.0936
primary_versus_oestradiol_linear_1	30482948_walters_2018_eur_unrel_genotype	alcohol_use_disorder	logistic	female_joint_1_oestradiol_log	female	adjust	joint	oestradiol_log	oestradiol_priority	1168441	(rg: nan; 95% CI: nan ... nan)	nan		nan	nan ... nan						
primary_versus_oestradiol_linear_1	30482948_walters_2018_eur_unrel_genotype	alcohol_use_disorder	logistic	female_unadjust_oestradiol_log	female	unadjust	joint	oestradiol_log	oestradiol_priority	1168441	(rg: nan; 95% CI: nan ... nan)	nan		nan	nan ... nan						
primary_versus_steroid_globulin_linear_1	30482948_walters_2018_eur_unrel_genotype	alcohol_use_disorder	logistic	female_joint_1_steroid_globulin_imputation_log	female	adjust	joint	steroid_globulin_imputation_log	steroid_globulin_imputation_log	1168441	(rg: 0.001; 95% CI: -0.118 ... 0.12)	0.001	0.0609	0.119364	-0.118 ... 0.12	0.9875	-0.118364	0.120364	1	0	0.001
primary_versus_steroid_globulin_linear_1	30482948_walters_2018_eur_unrel_genotype	alcohol_use_disorder	logistic	female_unadjust_steroid_globulin_imputation_log	female	unadjust	joint	steroid_globulin_imputation_log	steroid_globulin_imputation_log	1168441	(rg: -0.0922; 95% CI: -0.219 ... 0.035)	-0.0922	0.0647	0.126812	-0.219 ... 0.035	0.1544	-0.219012	0.034612	1	0	0.0922
primary_versus_testosterone_bioavailable_linear	30482948_walters_2018_eur_unrel_genotype	alcohol_use_disorder	logistic	female_joint_1_testosterone_bioavailable_imputation_log	female	adjust	joint	testosterone_bioavailable_imputation_log	testosterone_bioavailable_imputation_log	1168441	(rg: -0.0017; 95% CI: -0.122 ... 0.119)	-0.0017	0.0614	0.120344	-0.122 ... 0.119	0.9774	-0.122044	0.118644	1	0	0.0017
primary_versus_testosterone_bioavailable_linear	30482948_walters_2018_eur_unrel_genotype	alcohol_use_disorder	logistic	female_unadjust_testosterone_bioavailable_imputation_log	female	unadjust	joint	testosterone_bioavailable_imputation_log	testosterone_bioavailable_imputation_log	1168441	(rg: 0.0078; 95% CI: -0.117 ... 0.133)	0.0078	0.0637	0.124852	-0.117 ... 0.133	0.9027	-0.117052	0.132652	1	0	0.0078
primary_versus_testosterone_free_linear	30482948_walters_2018_eur_unrel_genotype	alcohol_use_disorder	logistic	female_joint_1_testosterone_free_imputation_log	female	adjust	joint	testosterone_free_imputation_log	testosterone_free_imputation_log	1168441	(rg: -0.0163; 95% CI: -0.137 ... 0.104)	-0.0163	0.0616	0.120736	-0.137 ... 0.104	0.7911	-0.137036	0.104436	1	0	0.0163
primary_versus_testosterone_free_linear	30482948_walters_2018_eur_unrel_genotype	alcohol_use_disorder	logistic	female_unadjust_testosterone_free_imputation_log	female	unadjust	joint	testosterone_free_imputation_log	testosterone_free_imputation_log	1168441	(rg: 0.0102; 95% CI: -0.112 ... 0.133)	0.0102	0.0625	0.1225	-0.112 ... 0.133	0.8697	-0.1123	0.1327	1	0	0.0102
primary_versus_testosterone_linear	30482948_walters_2018_eur_unrel_genotype	alcohol_use_disorder	logistic	female_joint_1_testosterone_imputation	female	adjust	joint	testosterone_imputation	testosterone_imputation	1168441	(rg: -0.0606; 95% CI: -0.193 ... 0.072)	-0.0606	0.0677	0.132692	-0.193 ... 0.072	0.3705	-0.193292	0.072092	1	0	0.0606
primary_versus_testosterone_linear	30482948_walters_2018_eur_unrel_genotype	alcohol_use_disorder	logistic	female_unadjust_testosterone_imputation	female	unadjust	joint	testosterone_imputation	testosterone_imputation	1168441	(rg: -0.0548; 95% CI: -0.184 ... 0.075)	-0.0548	0.0661	0.129556	-0.184 ... 0.075	0.407	-0.184356	0.074756	1	0	0.0548
primary_versus_testosterone_linear	30482948_walters_2018_eur_unrel_genotype	alcohol_use_disorder	logistic	female_joint_1_testosterone_imputation_log	female	adjust	joint	testosterone_imputation_log	testosterone_imputation_log	1168441	(rg: 0.0017; 95% CI: -0.131 ... 0.135)	0.0017	0.0679	0.133084	-0.131 ... 0.135	0.9806	-0.131384	0.134784	1	0	0.0017
primary_versus_testosterone_linear	30482948_walters_2018_eur_unrel_genotype	alcohol_use_disorder	logistic	female_unadjust_testosterone_imputation_log	female	unadjust	joint	testosterone_imputation_log	testosterone_imputation_log	1168441	(rg: -0.0388; 95% CI: -0.173 ... 0.095)	-0.0388	0.0685	0.13426	-0.173 ... 0.095	0.5712	-0.17306	0.09546	1	0	0.0388
primary_versus_testosterone_linear	30482948_walters_2018_eur_unrel_genotype	alcohol_use_disorder	logistic	female_joint_1_testosterone_log	female	adjust	joint	testosterone_log	testosterone_log	1168441	(rg: -0.008; 95% CI: -0.159 ... 0.143)	-0.008	0.0772	0.151312	-0.159 ... 0.143	0.9172	-0.159312	0.143312	1	0	0.008
primary_versus_testosterone_linear	30482948_walters_2018_eur_unrel_genotype	alcohol_use_disorder	logistic	female_unadjust_testosterone_log	female	unadjust	joint	testosterone_log	testosterone_log	1168441	(rg: 0.0183; 95% CI: -0.133 ... 0.17)	0.0183	0.0772	0.151312	-0.133 ... 0.17	0.813	-0.133012	0.169612	1	0	0.0183
primary_versus_albumin_linear_1	30482948_walters_2018_eur_unrel_genotype	alcohol_use_disorder	logistic	female_menstruation_regular_joint_1_albumin_imputation	female_menstruation_regular	adjust	joint	albumin_imputation	albumin_imputation	1168442	(rg: 0.1917; 95% CI: -0.056 ... 0.439)	0.1917	0.1263	0.247548	-0.056 ... 0.439	0.1291	-0.055848	0.439248	1	0	0.1917
primary_versus_albumin_linear_1	30482948_walters_2018_eur_unrel_genotype	alcohol_use_disorder	logistic	female_menstruation_regular_unadjust_albumin_imputation	female_menstruation_regular	unadjust	joint	albumin_imputation	albumin_imputation	1168442	(rg: 0.114; 95% CI: -0.119 ... 0.347)	0.114	0.1191	0.233436	-0.119 ... 0.347	0.3385	-0.119436	0.347436	1	0	0.114
primary_versus_oestradiol_bioavailable_linear	30482948_walters_2018_eur_unrel_genotype	alcohol_use_disorder	logistic	female_menstruation_regular_joint_1_oestradiol_bioavailable_imputation_log	female_menstruation_regular	adjust	joint	oestradiol_bioavailable_imputation_log	oestradiol_bioavailable_imputation_log	1168442	(rg: -0.2003; 95% CI: -0.889 ... 0.489)	-0.2003	0.3516	0.689136	-0.889 ... 0.489	0.5688	-0.889436	0.488836	1	0	0.2003
primary_versus_oestradiol_bioavailable_linear	30482948_walters_2018_eur_unrel_genotype	alcohol_use_disorder	logistic	female_menstruation_regular_unadjust_oestradiol_bioavailable_imputation_log	female_menstruation_regular	unadjust	joint	oestradiol_bioavailable_imputation_log	oestradiol_bioavailable_imputation_log	1168442	(rg: -0.3581; 95% CI: -1.012 ... 0.296)	-0.3581	0.3338	0.654248	-1.012 ... 0.296	0.2835	-1.012348	0.296148	1	0	0.3581
primary_versus_oestradiol_free_linear	30482948_walters_2018_eur_unrel_genotype	alcohol_use_disorder	logistic	female_menstruation_regular_joint_1_oestradiol_free_imputation_log	female_menstruation_regular	adjust	joint	oestradiol_free_imputation_log	oestradiol_free_imputation_log	1168442	(rg: -0.4592; 95% CI: -1.462 ... 0.543)	-0.4592	0.5114	1.002344	-1.462 ... 0.543	0.3692	-1.461544	0.543144	1	0	0.4592
primary_versus_oestradiol_free_linear	30482948_walters_2018_eur_unrel_genotype	alcohol_use_disorder	logistic	female_menstruation_regular_unadjust_oestradiol_free_imputation_log	female_menstruation_regular	unadjust	joint	oestradiol_free_imputation_log	oestradiol_free_imputation_log	1168442	(rg: -0.6038; 95% CI: -1.595 ... 0.387)	-0.6038	0.5056	0.990976	-1.595 ... 0.387	0.2323	-1.594776	0.387176	1	0	0.6038
primary_versus_oestradiol_linear_2	30482948_walters_2018_eur_unrel_genotype	alcohol_use_disorder	logistic	female_menstruation_regular_joint_1_oestradiol_imputation	female_menstruation_regular	adjust	joint	oestradiol_imputation	oestradiol_imputation	1168442	(rg: -0.5172; 95% CI: -1.147 ... 0.113)	-0.5172	0.3215	0.63014	-1.147 ... 0.113	0.1077	-1.14734	0.11294	1	0	0.5172
primary_versus_oestradiol_linear_2	30482948_walters_2018_eur_unrel_genotype	alcohol_use_disorder	logistic	female_menstruation_regular_unadjust_oestradiol_imputation	female_menstruation_regular	unadjust	joint	oestradiol_imputation	oestradiol_imputation	1168442	(rg: -0.5922; 95% CI: -1.214 ... 0.03)	-0.5922	0.3175	0.6223	-1.214 ... 0.03	0.0622	-1.2145	0.0301	1	0	0.5922
primary_versus_oestradiol_linear_1	30482948_walters_2018_eur_unrel_genotype	alcohol_use_disorder	logistic	female_menstruation_regular_joint_1_oestradiol_log	female_menstruation_regular	adjust	joint	oestradiol_log	oestradiol_log	1168442	(rg: -0.7263; 95% CI: -2.536 ... 1.084)	-0.7263	0.9235	1.81006	-2.536 ... 1.084	0.4316	-2.53636	1.08376	0	0	0.7263
primary_versus_oestradiol_linear_1	30482948_walters_2018_eur_unrel_genotype	alcohol_use_disorder	logistic	female_menstruation_regular_unadjust_oestradiol_log	female_menstruation_regular	unadjust	joint	oestradiol_log	oestradiol_log	1168442	(rg: -0.8312; 95% CI: -2.006 ... 0.344)	-0.8312	0.5994	1.174824	-2.006 ... 0.344	0.1655	-2.006024	0.343624	1	0	0.8312
primary_versus_oestradiol_linear_2	30482948_walters_2018_eur_unrel_genotype	alcohol_use_disorder	logistic	female_menstruation_regular_joint_1_oestradiol_imputation_log	female_menstruation_regular	adjust	joint	oestradiol_imputation_log	oestradiol_priority	1168442	(rg: -0.2288; 95% CI: -0.774 ... 0.317)	-0.2288	0.2784	0.545664	-0.774 ... 0.317	0.4112	-0.774464	0.316864	1	0	0.2288
primary_versus_oestradiol_linear_2	30482948_walters_2018_eur_unrel_genotype	alcohol_use_disorder	logistic	female_menstruation_regular_unadjust_oestradiol_imputation_log	female_menstruation_regular	unadjust	joint	oestradiol_imputation_log	oestradiol_priority	1168442	(rg: -0.3663; 95% CI: -0.837 ... 0.105)	-0.3663	0.2403	0.470988	-0.837 ... 0.105	0.1275	-0.837288	0.104688	1	0	0.3663
primary_versus_steroid_globulin_linear_1	30482948_walters_2018_eur_unrel_genotype	alcohol_use_disorder	logistic	female_menstruation_regular_joint_1_steroid_globulin_imputation_log	female_menstruation_regular	adjust	joint	steroid_globulin_imputation_log	steroid_globulin_imputation_log	1168442	(rg: -0.0933; 95% CI: -0.314 ... 0.127)	-0.0933	0.1125	0.2205	-0.314 ... 0.127	0.4067	-0.3138	0.1272	1	0	0.0933
primary_versus_steroid_globulin_linear_1	30482948_walters_2018_eur_unrel_genotype	alcohol_use_disorder	logistic	female_menstruation_regular_unadjust_steroid_globulin_imputation_log	female_menstruation_regular	unadjust	joint	steroid_globulin_imputation_log	steroid_globulin_imputation_log	1168442	(rg: -0.1895; 95% CI: -0.409 ... 0.03)	-0.1895	0.1119	0.219324	-0.409 ... 0.03	0.0905	-0.408824	0.029824	1	0	0.1895
primary_versus_testosterone_bioavailable_linear	30482948_walters_2018_eur_unrel_genotype	alcohol_use_disorder	logistic	female_menstruation_regular_joint_1_testosterone_bioavailable_imputation_log	female_menstruation_regular	adjust	joint	testosterone_bioavailable_imputation_log	testosterone_bioavailable_imputation_log	1168442	(rg: 0.1432; 95% CI: -0.098 ... 0.385)	0.1432	0.1233	0.241668	-0.098 ... 0.385	0.2456	-0.098468	0.384868	1	0	0.1432
primary_versus_testosterone_bioavailable_linear	30482948_walters_2018_eur_unrel_genotype	alcohol_use_disorder	logistic	female_menstruation_regular_unadjust_testosterone_bioavailable_imputation_log	female_menstruation_regular	unadjust	joint	testosterone_bioavailable_imputation_log	testosterone_bioavailable_imputation_log	1168442	(rg: 0.1879; 95% CI: -0.057 ... 0.433)	0.1879	0.1252	0.245392	-0.057 ... 0.433	0.1335	-0.057492	0.433292	1	0	0.1879
primary_versus_testosterone_free_linear	30482948_walters_2018_eur_unrel_genotype	alcohol_use_disorder	logistic	female_menstruation_regular_joint_1_testosterone_free_imputation_log	female_menstruation_regular	adjust	joint	testosterone_free_imputation_log	testosterone_free_imputation_log	1168442	(rg: 0.1053; 95% CI: -0.122 ... 0.332)	0.1053	0.1159	0.227164	-0.122 ... 0.332	0.3639	-0.121864	0.332464	1	0	0.1053
primary_versus_testosterone_free_linear	30482948_walters_2018_eur_unrel_genotype	alcohol_use_disorder	logistic	female_menstruation_regular_unadjust_testosterone_free_imputation_log	female_menstruation_regular	unadjust	joint	testosterone_free_imputation_log	testosterone_free_imputation_log	1168442	(rg: 0.1632; 95% CI: -0.066 ... 0.392)	0.1632	0.1167	0.228732	-0.066 ... 0.392	0.162	-0.065532	0.391932	1	0	0.1632
primary_versus_testosterone_linear	30482948_walters_2018_eur_unrel_genotype	alcohol_use_disorder	logistic	female_menstruation_regular_joint_1_testosterone_imputation	female_menstruation_regular	adjust	joint	testosterone_imputation	testosterone_imputation	1168442	(rg: -0.0305; 95% CI: -0.28 ... 0.219)	-0.0305	0.1273	0.249508	-0.28 ... 0.219	0.8109	-0.280008	0.219008	1	0	0.0305
primary_versus_testosterone_linear	30482948_walters_2018_eur_unrel_genotype	alcohol_use_disorder	logistic	female_menstruation_regular_unadjust_testosterone_imputation	female_menstruation_regular	unadjust	joint	testosterone_imputation	testosterone_imputation	1168442	(rg: -0.0255; 95% CI: -0.276 ... 0.225)	-0.0255	0.1279	0.250684	-0.276 ... 0.225	0.8418	-0.276184	0.225184	1	0	0.0255
primary_versus_testosterone_linear	30482948_walters_2018_eur_unrel_genotype	alcohol_use_disorder	logistic	female_menstruation_regular_joint_1_testosterone_imputation_log	female_menstruation_regular	adjust	joint	testosterone_imputation_log	testosterone_imputation_log	1168442	(rg: 0.1099; 95% CI: -0.143 ... 0.363)	0.1099	0.129	0.25284	-0.143 ... 0.363	0.3943	-0.14294	0.36274	1	0	0.1099
primary_versus_testosterone_linear	30482948_walters_2018_eur_unrel_genotype	alcohol_use_disorder	logistic	female_menstruation_regular_unadjust_testosterone_imputation_log	female_menstruation_regular	unadjust	joint	testosterone_imputation_log	testosterone_imputation_log	1168442	(rg: 0.0971; 95% CI: -0.167 ... 0.361)	0.0971	0.1345	0.26362	-0.167 ... 0.361	0.4703	-0.16652	0.36072	1	0	0.0971
primary_versus_testosterone_linear	30482948_walters_2018_eur_unrel_genotype	alcohol_use_disorder	logistic	female_menstruation_regular_joint_1_testosterone_log	female_menstruation_regular	adjust	joint	testosterone_log	testosterone_log	1168442	(rg: 0.097; 95% CI: -0.191 ... 0.385)	0.097	0.1471	0.288316	-0.191 ... 0.385	0.5096	-0.191316	0.385316	1	0	0.097
primary_versus_testosterone_linear	30482948_walters_2018_eur_unrel_genotype	alcohol_use_disorder	logistic	female_menstruation_regular_unadjust_testosterone_log	female_menstruation_regular	unadjust	joint	testosterone_log	testosterone_log	1168442	(rg: 0.1278; 95% CI: -0.167 ... 0.423)	0.1278	0.1505	0.29498	-0.167 ... 0.423	0.3961	-0.16718	0.42278	1	0	0.1278
primary_versus_albumin_linear_1	30482948_walters_2018_eur_unrel_genotype	alcohol_use_disorder	logistic	female_perimenopause_joint_1_albumin_imputation	female_perimenopause	adjust	joint	albumin_imputation	albumin_imputation	1168441	(rg: -0.0556; 95% CI: -0.328 ... 0.216)	-0.0556	0.1388	0.272048	-0.328 ... 0.216	0.6886	-0.327648	0.216448	1	0	0.0556
primary_versus_albumin_linear_1	30482948_walters_2018_eur_unrel_genotype	alcohol_use_disorder	logistic	female_perimenopause_unadjust_albumin_imputation	female_perimenopause	unadjust	joint	albumin_imputation	albumin_imputation	1168441	(rg: -0.1564; 95% CI: -0.43 ... 0.117)	-0.1564	0.1396	0.273616	-0.43 ... 0.117	0.2625	-0.430016	0.117216	1	0	0.1564
primary_versus_oestradiol_bioavailable_linear	30482948_walters_2018_eur_unrel_genotype	alcohol_use_disorder	logistic	female_perimenopause_joint_1_oestradiol_bioavailable_imputation_log	female_perimenopause	adjust	joint	oestradiol_bioavailable_imputation_log	oestradiol_bioavailable_imputation_log	1168441	(rg: -0.1646; 95% CI: -0.666 ... 0.336)	-0.1646	0.2556	0.500976	-0.666 ... 0.336	0.5195	-0.665576	0.336376	1	0	0.1646
primary_versus_oestradiol_bioavailable_linear	30482948_walters_2018_eur_unrel_genotype	alcohol_use_disorder	logistic	female_perimenopause_unadjust_oestradiol_bioavailable_imputation_log	female_perimenopause	unadjust	joint	oestradiol_bioavailable_imputation_log	oestradiol_bioavailable_imputation_log	1168441	(rg: -0.1939; 95% CI: -0.696 ... 0.308)	-0.1939	0.2562	0.502152	-0.696 ... 0.308	0.4491	-0.696052	0.308252	1	0	0.1939
primary_versus_oestradiol_free_linear	30482948_walters_2018_eur_unrel_genotype	alcohol_use_disorder	logistic	female_perimenopause_joint_1_oestradiol_free_imputation_log	female_perimenopause	adjust	joint	oestradiol_free_imputation_log	oestradiol_free_imputation_log	1168441	(rg: -0.1039; 95% CI: -0.553 ... 0.345)	-0.1039	0.2291	0.449036	-0.553 ... 0.345	0.6502	-0.552936	0.345136	1	0	0.1039
primary_versus_oestradiol_free_linear	30482948_walters_2018_eur_unrel_genotype	alcohol_use_disorder	logistic	female_perimenopause_unadjust_oestradiol_free_imputation_log	female_perimenopause	unadjust	joint	oestradiol_free_imputation_log	oestradiol_free_imputation_log	1168441	(rg: -0.1479; 95% CI: -0.605 ... 0.309)	-0.1479	0.2332	0.457072	-0.605 ... 0.309	0.5258	-0.604972	0.309172	1	0	0.1479
primary_versus_oestradiol_linear_2	30482948_walters_2018_eur_unrel_genotype	alcohol_use_disorder	logistic	female_perimenopause_joint_1_oestradiol_imputation	female_perimenopause	adjust	joint	oestradiol_imputation	oestradiol_imputation	1168441	(rg: -0.1611; 95% CI: -0.754 ... 0.432)	-0.1611	0.3024	0.592704	-0.754 ... 0.432	0.5942	-0.753804	0.431604	1	0	0.1611
primary_versus_oestradiol_linear_2	30482948_walters_2018_eur_unrel_genotype	alcohol_use_disorder	logistic	female_perimenopause_unadjust_oestradiol_imputation	female_perimenopause	unadjust	joint	oestradiol_imputation	oestradiol_imputation	1168441	(rg: -0.2642; 95% CI: -0.867 ... 0.339)	-0.2642	0.3077	0.603092	-0.867 ... 0.339	0.3906	-0.867292	0.338892	1	0	0.2642
primary_versus_oestradiol_linear_1	30482948_walters_2018_eur_unrel_genotype	alcohol_use_disorder	logistic	female_perimenopause_joint_1_oestradiol_log	female_perimenopause	adjust	joint	oestradiol_log	oestradiol_log	1168442	(rg: -0.5703; 95% CI: -2.398 ... 1.257)	-0.5703	0.9324	1.827504	-2.398 ... 1.257	0.5408	-2.397804	1.257204	0	0	0.5703
primary_versus_oestradiol_linear_1	30482948_walters_2018_eur_unrel_genotype	alcohol_use_disorder	logistic	female_perimenopause_unadjust_oestradiol_log	female_perimenopause	unadjust	joint	oestradiol_log	oestradiol_log	1168442	(rg: -0.5934; 95% CI: -1.96 ... 0.774)	-0.5934	0.6974	1.366904	-1.96 ... 0.774	0.3948	-1.960304	0.773504	1	0	0.5934
primary_versus_oestradiol_linear_2	30482948_walters_2018_eur_unrel_genotype	alcohol_use_disorder	logistic	female_perimenopause_joint_1_oestradiol_imputation_log	female_perimenopause	adjust	joint	oestradiol_imputation_log	oestradiol_priority	1168441	(rg: -0.1559; 95% CI: -0.572 ... 0.261)	-0.1559	0.2125	0.4165	-0.572 ... 0.261	0.4633	-0.5724	0.2606	1	0	0.1559
primary_versus_oestradiol_linear_2	30482948_walters_2018_eur_unrel_genotype	alcohol_use_disorder	logistic	female_perimenopause_unadjust_oestradiol_imputation_log	female_perimenopause	unadjust	joint	oestradiol_imputation_log	oestradiol_priority	1168441	(rg: -0.224; 95% CI: -0.665 ... 0.217)	-0.224	0.2251	0.441196	-0.665 ... 0.217	0.3197	-0.665196	0.217196	1	0	0.224
primary_versus_steroid_globulin_linear_1	30482948_walters_2018_eur_unrel_genotype	alcohol_use_disorder	logistic	female_perimenopause_joint_1_steroid_globulin_imputation_log	female_perimenopause	adjust	joint	steroid_globulin_imputation_log	steroid_globulin_imputation_log	1168441	(rg: 0.0173; 95% CI: -0.236 ... 0.271)	0.0173	0.1293	0.253428	-0.236 ... 0.271	0.8935	-0.236128	0.270728	1	0	0.0173
primary_versus_steroid_globulin_linear_1	30482948_walters_2018_eur_unrel_genotype	alcohol_use_disorder	logistic	female_perimenopause_unadjust_steroid_globulin_imputation_log	female_perimenopause	unadjust	joint	steroid_globulin_imputation_log	steroid_globulin_imputation_log	1168441	(rg: -0.1557; 95% CI: -0.423 ... 0.111)	-0.1557	0.1362	0.266952	-0.423 ... 0.111	0.253	-0.422652	0.111252	1	0	0.1557
primary_versus_testosterone_bioavailable_linear	30482948_walters_2018_eur_unrel_genotype	alcohol_use_disorder	logistic	female_perimenopause_joint_1_testosterone_bioavailable_imputation_log	female_perimenopause	adjust	joint	testosterone_bioavailable_imputation_log	testosterone_bioavailable_imputation_log	1168441	(rg: -0.2722; 95% CI: -0.532 ... -0.012)	-0.2722	0.1328	0.260288	-0.532 ... -0.012	0.0404	-0.532488	-0.011912	1	1	0.2722
primary_versus_testosterone_bioavailable_linear	30482948_walters_2018_eur_unrel_genotype	alcohol_use_disorder	logistic	female_perimenopause_unadjust_testosterone_bioavailable_imputation_log	female_perimenopause	unadjust	joint	testosterone_bioavailable_imputation_log	testosterone_bioavailable_imputation_log	1168441	(rg: -0.165; 95% CI: -0.418 ... 0.088)	-0.165	0.1292	0.253232	-0.418 ... 0.088	0.2014	-0.418232	0.088232	1	0	0.165
primary_versus_testosterone_free_linear	30482948_walters_2018_eur_unrel_genotype	alcohol_use_disorder	logistic	female_perimenopause_joint_1_testosterone_free_imputation_log	female_perimenopause	adjust	joint	testosterone_free_imputation_log	testosterone_free_imputation_log	1168441	(rg: -0.278; 95% CI: -0.538 ... -0.018)	-0.278	0.1327	0.260092	-0.538 ... -0.018	0.0361	-0.538092	-0.017908	1	1	0.278
primary_versus_testosterone_free_linear	30482948_walters_2018_eur_unrel_genotype	alcohol_use_disorder	logistic	female_perimenopause_unadjust_testosterone_free_imputation_log	female_perimenopause	unadjust	joint	testosterone_free_imputation_log	testosterone_free_imputation_log	1168441	(rg: -0.1495; 95% CI: -0.402 ... 0.103)	-0.1495	0.1289	0.252644	-0.402 ... 0.103	0.246	-0.402144	0.103144	1	0	0.1495
primary_versus_testosterone_linear	30482948_walters_2018_eur_unrel_genotype	alcohol_use_disorder	logistic	female_perimenopause_joint_1_testosterone_imputation	female_perimenopause	adjust	joint	testosterone_imputation	testosterone_imputation	1168441	(rg: -0.2665; 95% CI: -0.536 ... 0.003)	-0.2665	0.1373	0.269108	-0.536 ... 0.003	0.0522	-0.535608	0.002608	1	0	0.2665
primary_versus_testosterone_linear	30482948_walters_2018_eur_unrel_genotype	alcohol_use_disorder	logistic	female_perimenopause_unadjust_testosterone_imputation	female_perimenopause	unadjust	joint	testosterone_imputation	testosterone_imputation	1168441	(rg: -0.2435; 95% CI: -0.509 ... 0.022)	-0.2435	0.1353	0.265188	-0.509 ... 0.022	0.072	-0.508688	0.021688	1	0	0.2435
primary_versus_testosterone_linear	30482948_walters_2018_eur_unrel_genotype	alcohol_use_disorder	logistic	female_perimenopause_joint_1_testosterone_imputation_log	female_perimenopause	adjust	joint	testosterone_imputation_log	testosterone_imputation_log	1168441	(rg: -0.2795; 95% CI: -0.563 ... 0.004)	-0.2795	0.1448	0.283808	-0.563 ... 0.004	0.0536	-0.563308	0.004308	1	0	0.2795
primary_versus_testosterone_linear	30482948_walters_2018_eur_unrel_genotype	alcohol_use_disorder	logistic	female_perimenopause_unadjust_testosterone_imputation_log	female_perimenopause	unadjust	joint	testosterone_imputation_log	testosterone_imputation_log	1168441	(rg: -0.2464; 95% CI: -0.522 ... 0.029)	-0.2464	0.1404	0.275184	-0.522 ... 0.029	0.0793	-0.521584	0.028784	1	0	0.2464
primary_versus_testosterone_linear	30482948_walters_2018_eur_unrel_genotype	alcohol_use_disorder	logistic	female_perimenopause_joint_1_testosterone_log	female_perimenopause	adjust	joint	testosterone_log	testosterone_log	1168441	(rg: -0.0349; 95% CI: -0.388 ... 0.318)	-0.0349	0.1802	0.353192	-0.388 ... 0.318	0.8463	-0.388092	0.318292	1	0	0.0349
primary_versus_testosterone_linear	30482948_walters_2018_eur_unrel_genotype	alcohol_use_disorder	logistic	female_perimenopause_unadjust_testosterone_log	female_perimenopause	unadjust	joint	testosterone_log	testosterone_log	1168441	(rg: 0.0088; 95% CI: -0.347 ... 0.365)	0.0088	0.1815	0.35574	-0.347 ... 0.365	0.9612	-0.34694	0.36454	1	0	0.0088
primary_versus_albumin_linear_1	30482948_walters_2018_eur_unrel_genotype	alcohol_use_disorder	logistic	female_postmenopause_joint_1_albumin_imputation	female_postmenopause	adjust	joint	albumin_imputation	albumin_imputation	1168441	(rg: 0.0679; 95% CI: -0.074 ... 0.21)	0.0679	0.0724	0.141904	-0.074 ... 0.21	0.3486	-0.074004	0.209804	1	0	0.0679
primary_versus_albumin_linear_1	30482948_walters_2018_eur_unrel_genotype	alcohol_use_disorder	logistic	female_postmenopause_unadjust_albumin_imputation	female_postmenopause	unadjust	joint	albumin_imputation	albumin_imputation	1168441	(rg: -0.0015; 95% CI: -0.139 ... 0.136)	-0.0015	0.07	0.1372	-0.139 ... 0.136	0.9825	-0.1387	0.1357	1	0	0.0015
primary_versus_oestradiol_bioavailable_linear	30482948_walters_2018_eur_unrel_genotype	alcohol_use_disorder	logistic	female_postmenopause_joint_1_oestradiol_bioavailable_imputation_log	female_postmenopause	adjust	joint	oestradiol_bioavailable_imputation_log	oestradiol_bioavailable_imputation_log	1168441	(rg: -0.0555; 95% CI: -0.244 ... 0.133)	-0.0555	0.0961	0.188356	-0.244 ... 0.133	0.5638	-0.243856	0.132856	1	0	0.0555
primary_versus_oestradiol_bioavailable_linear	30482948_walters_2018_eur_unrel_genotype	alcohol_use_disorder	logistic	female_postmenopause_unadjust_oestradiol_bioavailable_imputation_log	female_postmenopause	unadjust	joint	oestradiol_bioavailable_imputation_log	oestradiol_bioavailable_imputation_log	1168441	(rg: 0.1247; 95% CI: -0.065 ... 0.314)	0.1247	0.0967	0.189532	-0.065 ... 0.314	0.1972	-0.064832	0.314232	1	0	0.1247
primary_versus_oestradiol_free_linear	30482948_walters_2018_eur_unrel_genotype	alcohol_use_disorder	logistic	female_postmenopause_joint_1_oestradiol_free_imputation_log	female_postmenopause	adjust	joint	oestradiol_free_imputation_log	oestradiol_free_imputation_log	1168441	(rg: -0.0953; 95% CI: -0.323 ... 0.132)	-0.0953	0.116	0.22736	-0.323 ... 0.132	0.4113	-0.32266	0.13206	1	0	0.0953
primary_versus_oestradiol_free_linear	30482948_walters_2018_eur_unrel_genotype	alcohol_use_disorder	logistic	female_postmenopause_unadjust_oestradiol_free_imputation_log	female_postmenopause	unadjust	joint	oestradiol_free_imputation_log	oestradiol_free_imputation_log	1168441	(rg: 0.1571; 95% CI: -0.058 ... 0.373)	0.1571	0.11	0.2156	-0.058 ... 0.373	0.1533	-0.0585	0.3727	1	0	0.1571
primary_versus_oestradiol_linear_1	30482948_walters_2018_eur_unrel_genotype	alcohol_use_disorder	logistic	female_postmenopause_joint_1_oestradiol_log	female_postmenopause	adjust	joint	oestradiol_log	oestradiol_priority	1168442	(rg: 0.0583; 95% CI: -0.991 ... 1.108)	0.0583	0.5355	1.04958	-0.991 ... 1.108	0.9134	-0.99128	1.10788	0	0	0.0583
primary_versus_oestradiol_linear_1	30482948_walters_2018_eur_unrel_genotype	alcohol_use_disorder	logistic	female_postmenopause_unadjust_oestradiol_log	female_postmenopause	unadjust	joint	oestradiol_log	oestradiol_priority	1168442	(rg: 0.3897; 95% CI: -0.963 ... 1.742)	0.3897	0.6902	1.352792	-0.963 ... 1.742	0.5724	-0.963092	1.742492	0	0	0.3897
primary_versus_steroid_globulin_linear_1	30482948_walters_2018_eur_unrel_genotype	alcohol_use_disorder	logistic	female_postmenopause_joint_1_steroid_globulin_imputation_log	female_postmenopause	adjust	joint	steroid_globulin_imputation_log	steroid_globulin_imputation_log	1168441	(rg: 0.0273; 95% CI: -0.096 ... 0.151)	0.0273	0.063	0.12348	-0.096 ... 0.151	0.6648	-0.09618	0.15078	1	0	0.0273
primary_versus_steroid_globulin_linear_1	30482948_walters_2018_eur_unrel_genotype	alcohol_use_disorder	logistic	female_postmenopause_unadjust_steroid_globulin_imputation_log	female_postmenopause	unadjust	joint	steroid_globulin_imputation_log	steroid_globulin_imputation_log	1168441	(rg: -0.0596; 95% CI: -0.187 ... 0.068)	-0.0596	0.0652	0.127792	-0.187 ... 0.068	0.3601	-0.187392	0.068192	1	0	0.0596
primary_versus_testosterone_bioavailable_linear	30482948_walters_2018_eur_unrel_genotype	alcohol_use_disorder	logistic	female_postmenopause_joint_1_testosterone_bioavailable_imputation_log	female_postmenopause	adjust	joint	testosterone_bioavailable_imputation_log	testosterone_bioavailable_imputation_log	1168441	(rg: 0.0079; 95% CI: -0.12 ... 0.136)	0.0079	0.0655	0.12838	-0.12 ... 0.136	0.904	-0.12048	0.13628	1	0	0.0079
primary_versus_testosterone_bioavailable_linear	30482948_walters_2018_eur_unrel_genotype	alcohol_use_disorder	logistic	female_postmenopause_unadjust_testosterone_bioavailable_imputation_log	female_postmenopause	unadjust	joint	testosterone_bioavailable_imputation_log	testosterone_bioavailable_imputation_log	1168441	(rg: -0.0029; 95% CI: -0.133 ... 0.128)	-0.0029	0.0666	0.130536	-0.133 ... 0.128	0.9653	-0.133436	0.127636	1	0	0.0029
primary_versus_testosterone_free_linear	30482948_walters_2018_eur_unrel_genotype	alcohol_use_disorder	logistic	female_postmenopause_joint_1_testosterone_free_imputation_log	female_postmenopause	adjust	joint	testosterone_free_imputation_log	testosterone_free_imputation_log	1168441	(rg: -0.0025; 95% CI: -0.13 ... 0.125)	-0.0025	0.065	0.1274	-0.13 ... 0.125	0.9699	-0.1299	0.1249	1	0	0.0025
primary_versus_testosterone_free_linear	30482948_walters_2018_eur_unrel_genotype	alcohol_use_disorder	logistic	female_postmenopause_unadjust_testosterone_free_imputation_log	female_postmenopause	unadjust	joint	testosterone_free_imputation_log	testosterone_free_imputation_log	1168441	(rg: 0.0103; 95% CI: -0.118 ... 0.138)	0.0103	0.0654	0.128184	-0.118 ... 0.138	0.8754	-0.117884	0.138484	1	0	0.0103
primary_versus_testosterone_linear	30482948_walters_2018_eur_unrel_genotype	alcohol_use_disorder	logistic	female_postmenopause_joint_1_testosterone_imputation	female_postmenopause	adjust	joint	testosterone_imputation	testosterone_imputation	1168441	(rg: -0.0322; 95% CI: -0.167 ... 0.103)	-0.0322	0.069	0.13524	-0.167 ... 0.103	0.6405	-0.16744	0.10304	1	0	0.0322
primary_versus_testosterone_linear	30482948_walters_2018_eur_unrel_genotype	alcohol_use_disorder	logistic	female_postmenopause_unadjust_testosterone_imputation	female_postmenopause	unadjust	joint	testosterone_imputation	testosterone_imputation	1168441	(rg: -0.0379; 95% CI: -0.169 ... 0.093)	-0.0379	0.0668	0.130928	-0.169 ... 0.093	0.5703	-0.168828	0.093028	1	0	0.0379
primary_versus_testosterone_linear	30482948_walters_2018_eur_unrel_genotype	alcohol_use_disorder	logistic	female_postmenopause_joint_1_testosterone_imputation_log	female_postmenopause	adjust	joint	testosterone_imputation_log	testosterone_imputation_log	1168441	(rg: 0.0242; 95% CI: -0.116 ... 0.164)	0.0242	0.0714	0.139944	-0.116 ... 0.164	0.7347	-0.115744	0.164144	1	0	0.0242
primary_versus_testosterone_linear	30482948_walters_2018_eur_unrel_genotype	alcohol_use_disorder	logistic	female_postmenopause_unadjust_testosterone_imputation_log	female_postmenopause	unadjust	joint	testosterone_imputation_log	testosterone_imputation_log	1168441	(rg: -0.0194; 95% CI: -0.159 ... 0.121)	-0.0194	0.0714	0.139944	-0.159 ... 0.121	0.7858	-0.159344	0.120544	1	0	0.0194
primary_versus_testosterone_linear	30482948_walters_2018_eur_unrel_genotype	alcohol_use_disorder	logistic	female_postmenopause_joint_1_testosterone_log	female_postmenopause	adjust	joint	testosterone_log	testosterone_log	1168441	(rg: -0.0149; 95% CI: -0.183 ... 0.154)	-0.0149	0.086	0.16856	-0.183 ... 0.154	0.8622	-0.18346	0.15366	1	0	0.0149
primary_versus_testosterone_linear	30482948_walters_2018_eur_unrel_genotype	alcohol_use_disorder	logistic	female_postmenopause_unadjust_testosterone_log	female_postmenopause	unadjust	joint	testosterone_log	testosterone_log	1168441	(rg: -0.0198; 95% CI: -0.183 ... 0.144)	-0.0198	0.0834	0.163464	-0.183 ... 0.144	0.8126	-0.183264	0.143664	1	0	0.0198
primary_versus_albumin_linear_1	30482948_walters_2018_eur_unrel_genotype	alcohol_use_disorder	logistic	female_premenopause_joint_1_albumin_imputation	female_premenopause	adjust	joint	albumin_imputation	albumin_imputation	1168442	(rg: 0.3193; 95% CI: 0.01 ... 0.628)	0.3193	0.1576	0.308896	0.01 ... 0.628	0.0428	0.010404	0.628196	1	1	0.3193
primary_versus_albumin_linear_1	30482948_walters_2018_eur_unrel_genotype	alcohol_use_disorder	logistic	female_premenopause_unadjust_albumin_imputation	female_premenopause	unadjust	joint	albumin_imputation	albumin_imputation	1168442	(rg: 0.2163; 95% CI: -0.085 ... 0.518)	0.2163	0.1537	0.301252	-0.085 ... 0.518	0.1593	-0.084952	0.517552	1	0	0.2163
primary_versus_oestradiol_bioavailable_linear	30482948_walters_2018_eur_unrel_genotype	alcohol_use_disorder	logistic	female_premenopause_joint_1_oestradiol_bioavailable_imputation_log	female_premenopause	adjust	joint	oestradiol_bioavailable_imputation_log	oestradiol_bioavailable_imputation_log	1168442	(rg: 0.3214; 95% CI: -0.316 ... 0.959)	0.3214	0.3252	0.637392	-0.316 ... 0.959	0.323	-0.315992	0.958792	1	0	0.3214
primary_versus_oestradiol_bioavailable_linear	30482948_walters_2018_eur_unrel_genotype	alcohol_use_disorder	logistic	female_premenopause_unadjust_oestradiol_bioavailable_imputation_log	female_premenopause	unadjust	joint	oestradiol_bioavailable_imputation_log	oestradiol_bioavailable_imputation_log	1168442	(rg: 0.0698; 95% CI: -0.541 ... 0.681)	0.0698	0.3118	0.611128	-0.541 ... 0.681	0.8229	-0.541328	0.680928	1	0	0.0698
primary_versus_oestradiol_free_linear	30482948_walters_2018_eur_unrel_genotype	alcohol_use_disorder	logistic	female_premenopause_joint_1_oestradiol_free_imputation_log	female_premenopause	adjust	joint	oestradiol_free_imputation_log	oestradiol_free_imputation_log	1168442	(rg: 0.2281; 95% CI: -0.452 ... 0.908)	0.2281	0.3471	0.680316	-0.452 ... 0.908	0.5111	-0.452216	0.908416	1	0	0.2281
primary_versus_oestradiol_free_linear	30482948_walters_2018_eur_unrel_genotype	alcohol_use_disorder	logistic	female_premenopause_unadjust_oestradiol_free_imputation_log	female_premenopause	unadjust	joint	oestradiol_free_imputation_log	oestradiol_free_imputation_log	1168442	(rg: 0.008; 95% CI: -0.632 ... 0.648)	0.008	0.3266	0.640136	-0.632 ... 0.648	0.9805	-0.632136	0.648136	1	0	0.008
primary_versus_oestradiol_linear_2	30482948_walters_2018_eur_unrel_genotype	alcohol_use_disorder	logistic	female_premenopause_joint_1_oestradiol_imputation	female_premenopause	adjust	joint	oestradiol_imputation	oestradiol_imputation	1168442	(rg: 0.1284; 95% CI: -0.431 ... 0.688)	0.1284	0.2856	0.559776	-0.431 ... 0.688	0.6529	-0.431376	0.688176	1	0	0.1284
primary_versus_oestradiol_linear_2	30482948_walters_2018_eur_unrel_genotype	alcohol_use_disorder	logistic	female_premenopause_unadjust_oestradiol_imputation	female_premenopause	unadjust	joint	oestradiol_imputation	oestradiol_imputation	1168442	(rg: -0.1825; 95% CI: -1.057 ... 0.692)	-0.1825	0.4463	0.874748	-1.057 ... 0.692	0.6827	-1.057248	0.692248	1	0	0.1825
primary_versus_oestradiol_linear_1	30482948_walters_2018_eur_unrel_genotype	alcohol_use_disorder	logistic	female_premenopause_joint_1_oestradiol_log	female_premenopause	adjust	joint	oestradiol_log	oestradiol_log	1168442	(rg: nan; 95% CI: nan ... nan)	nan		nan	nan ... nan						
primary_versus_oestradiol_linear_1	30482948_walters_2018_eur_unrel_genotype	alcohol_use_disorder	logistic	female_premenopause_unadjust_oestradiol_log	female_premenopause	unadjust	joint	oestradiol_log	oestradiol_log	1168442	(rg: nan; 95% CI: nan ... nan)	nan		nan	nan ... nan						
primary_versus_oestradiol_linear_2	30482948_walters_2018_eur_unrel_genotype	alcohol_use_disorder	logistic	female_premenopause_joint_1_oestradiol_imputation_log	female_premenopause	adjust	joint	oestradiol_imputation_log	oestradiol_priority	1168442	(rg: 0.0453; 95% CI: -0.591 ... 0.681)	0.0453	0.3244	0.635824	-0.591 ... 0.681	0.889	-0.590524	0.681124	1	0	0.0453
primary_versus_oestradiol_linear_2	30482948_walters_2018_eur_unrel_genotype	alcohol_use_disorder	logistic	female_premenopause_unadjust_oestradiol_imputation_log	female_premenopause	unadjust	joint	oestradiol_imputation_log	oestradiol_priority	1168442	(rg: -0.0824; 95% CI: -0.514 ... 0.349)	-0.0824	0.2202	0.431592	-0.514 ... 0.349	0.7082	-0.513992	0.349192	1	0	0.0824
primary_versus_steroid_globulin_linear_1	30482948_walters_2018_eur_unrel_genotype	alcohol_use_disorder	logistic	female_premenopause_joint_1_steroid_globulin_imputation_log	female_premenopause	adjust	joint	steroid_globulin_imputation_log	steroid_globulin_imputation_log	1168442	(rg: -0.1757; 95% CI: -0.432 ... 0.08)	-0.1757	0.1307	0.256172	-0.432 ... 0.08	0.1788	-0.431872	0.080472	1	0	0.1757
primary_versus_steroid_globulin_linear_1	30482948_walters_2018_eur_unrel_genotype	alcohol_use_disorder	logistic	female_premenopause_unadjust_steroid_globulin_imputation_log	female_premenopause	unadjust	joint	steroid_globulin_imputation_log	steroid_globulin_imputation_log	1168442	(rg: -0.2586; 95% CI: -0.51 ... -0.007)	-0.2586	0.1285	0.25186	-0.51 ... -0.007	0.0443	-0.51046	-0.00674	1	1	0.2586
primary_versus_testosterone_bioavailable_linear	30482948_walters_2018_eur_unrel_genotype	alcohol_use_disorder	logistic	female_premenopause_joint_1_testosterone_bioavailable_imputation_log	female_premenopause	adjust	joint	testosterone_bioavailable_imputation_log	testosterone_bioavailable_imputation_log	1168442	(rg: 0.345; 95% CI: 0.075 ... 0.615)	0.345	0.1379	0.270284	0.075 ... 0.615	0.0124	0.074716	0.615284	1	1	0.345
primary_versus_testosterone_bioavailable_linear	30482948_walters_2018_eur_unrel_genotype	alcohol_use_disorder	logistic	female_premenopause_unadjust_testosterone_bioavailable_imputation_log	female_premenopause	unadjust	joint	testosterone_bioavailable_imputation_log	testosterone_bioavailable_imputation_log	1168442	(rg: 0.3119; 95% CI: 0.069 ... 0.555)	0.3119	0.124	0.24304	0.069 ... 0.555	0.0119	0.06886	0.55494	1	1	0.3119
primary_versus_testosterone_free_linear	30482948_walters_2018_eur_unrel_genotype	alcohol_use_disorder	logistic	female_premenopause_joint_1_testosterone_free_imputation_log	female_premenopause	adjust	joint	testosterone_free_imputation_log	testosterone_free_imputation_log	1168442	(rg: 0.2799; 95% CI: 0.025 ... 0.535)	0.2799	0.13	0.2548	0.025 ... 0.535	0.0313	0.0251	0.5347	1	1	0.2799
primary_versus_testosterone_free_linear	30482948_walters_2018_eur_unrel_genotype	alcohol_use_disorder	logistic	female_premenopause_unadjust_testosterone_free_imputation_log	female_premenopause	unadjust	joint	testosterone_free_imputation_log	testosterone_free_imputation_log	1168442	(rg: 0.2427; 95% CI: 0.015 ... 0.47)	0.2427	0.1162	0.227752	0.015 ... 0.47	0.0368	0.014948	0.470452	1	1	0.2427
primary_versus_testosterone_linear	30482948_walters_2018_eur_unrel_genotype	alcohol_use_disorder	logistic	female_premenopause_joint_1_testosterone_imputation	female_premenopause	adjust	joint	testosterone_imputation	testosterone_imputation	1168442	(rg: 0.1011; 95% CI: -0.201 ... 0.403)	0.1011	0.1542	0.302232	-0.201 ... 0.403	0.5119	-0.201132	0.403332	1	0	0.1011
primary_versus_testosterone_linear	30482948_walters_2018_eur_unrel_genotype	alcohol_use_disorder	logistic	female_premenopause_unadjust_testosterone_imputation	female_premenopause	unadjust	joint	testosterone_imputation	testosterone_imputation	1168442	(rg: 0.0461; 95% CI: -0.191 ... 0.283)	0.0461	0.1208	0.236768	-0.191 ... 0.283	0.7025	-0.190668	0.282868	1	0	0.0461
primary_versus_testosterone_linear	30482948_walters_2018_eur_unrel_genotype	alcohol_use_disorder	logistic	female_premenopause_joint_1_testosterone_imputation_log	female_premenopause	adjust	joint	testosterone_imputation_log	testosterone_imputation_log	1168442	(rg: 0.2885; 95% CI: 0.014 ... 0.563)	0.2885	0.1402	0.274792	0.014 ... 0.563	0.0396	0.013708	0.563292	1	1	0.2885
primary_versus_testosterone_linear	30482948_walters_2018_eur_unrel_genotype	alcohol_use_disorder	logistic	female_premenopause_unadjust_testosterone_imputation_log	female_premenopause	unadjust	joint	testosterone_imputation_log	testosterone_imputation_log	1168442	(rg: 0.1932; 95% CI: -0.064 ... 0.451)	0.1932	0.1314	0.257544	-0.064 ... 0.451	0.1414	-0.064344	0.450744	1	0	0.1932
primary_versus_testosterone_linear	30482948_walters_2018_eur_unrel_genotype	alcohol_use_disorder	logistic	female_premenopause_joint_1_testosterone_log	female_premenopause	adjust	joint	testosterone_log	testosterone_log	1168442	(rg: 0.2653; 95% CI: -0.109 ... 0.64)	0.2653	0.191	0.37436	-0.109 ... 0.64	0.1649	-0.10906	0.63966	1	0	0.2653
primary_versus_testosterone_linear	30482948_walters_2018_eur_unrel_genotype	alcohol_use_disorder	logistic	female_premenopause_unadjust_testosterone_log	female_premenopause	unadjust	joint	testosterone_log	testosterone_log	1168442	(rg: 0.1554; 95% CI: -0.145 ... 0.456)	0.1554	0.1535	0.30086	-0.145 ... 0.456	0.3114	-0.14546	0.45626	1	0	0.1554
primary_versus_albumin_linear_1	30482948_walters_2018_eur_unrel_genotype	alcohol_use_disorder	logistic	male_joint_1_albumin_imputation	male	adjust	joint	albumin_imputation	albumin_imputation	1168441	(rg: -0.0286; 95% CI: -0.161 ... 0.103)	-0.0286	0.0673	0.131908	-0.161 ... 0.103	0.6709	-0.160508	0.103308	1	0	0.0286
primary_versus_albumin_linear_1	30482948_walters_2018_eur_unrel_genotype	alcohol_use_disorder	logistic	male_unadjust_albumin_imputation	male	unadjust	joint	albumin_imputation	albumin_imputation	1168441	(rg: -0.023; 95% CI: -0.158 ... 0.112)	-0.023	0.0687	0.134652	-0.158 ... 0.112	0.738	-0.157652	0.111652	1	0	0.023
primary_versus_oestradiol_bioavailable_linear	30482948_walters_2018_eur_unrel_genotype	alcohol_use_disorder	logistic	male_joint_1_oestradiol_bioavailable_imputation_log	male	adjust	joint	oestradiol_bioavailable_imputation_log	oestradiol_bioavailable_imputation_log	1168441	(rg: -0.1695; 95% CI: -0.353 ... 0.014)	-0.1695	0.0937	0.183652	-0.353 ... 0.014	0.0705	-0.353152	0.014152	1	0	0.1695
primary_versus_oestradiol_bioavailable_linear	30482948_walters_2018_eur_unrel_genotype	alcohol_use_disorder	logistic	male_unadjust_oestradiol_bioavailable_imputation_log	male	unadjust	joint	oestradiol_bioavailable_imputation_log	oestradiol_bioavailable_imputation_log	1168441	(rg: -0.0571; 95% CI: -0.236 ... 0.122)	-0.0571	0.0912	0.178752	-0.236 ... 0.122	0.5311	-0.235852	0.121652	1	0	0.0571
primary_versus_oestradiol_free_linear	30482948_walters_2018_eur_unrel_genotype	alcohol_use_disorder	logistic	male_joint_1_oestradiol_free_imputation_log	male	adjust	joint	oestradiol_free_imputation_log	oestradiol_free_imputation_log	1168441	(rg: -0.1281; 95% CI: -0.321 ... 0.064)	-0.1281	0.0982	0.192472	-0.321 ... 0.064	0.1923	-0.320572	0.064372	1	0	0.1281
primary_versus_oestradiol_free_linear	30482948_walters_2018_eur_unrel_genotype	alcohol_use_disorder	logistic	male_unadjust_oestradiol_free_imputation_log	male	unadjust	joint	oestradiol_free_imputation_log	oestradiol_free_imputation_log	1168441	(rg: -0.0307; 95% CI: -0.215 ... 0.154)	-0.0307	0.0942	0.184632	-0.215 ... 0.154	0.7442	-0.215332	0.153932	1	0	0.0307
primary_versus_oestradiol_linear_1	30482948_walters_2018_eur_unrel_genotype	alcohol_use_disorder	logistic	male_joint_1_oestradiol_log	male	adjust	joint	oestradiol_log	oestradiol_priority	1168441	(rg: -0.3145; 95% CI: -0.84 ... 0.211)	-0.3145	0.268	0.52528	-0.84 ... 0.211	0.2407	-0.83978	0.21078	1	0	0.3145
primary_versus_oestradiol_linear_1	30482948_walters_2018_eur_unrel_genotype	alcohol_use_disorder	logistic	male_unadjust_oestradiol_log	male	unadjust	joint	oestradiol_log	oestradiol_priority	1168441	(rg: -0.3123; 95% CI: -0.8 ... 0.175)	-0.3123	0.2486	0.487256	-0.8 ... 0.175	0.2091	-0.799556	0.174956	1	0	0.3123
primary_versus_steroid_globulin_linear_1	30482948_walters_2018_eur_unrel_genotype	alcohol_use_disorder	logistic	male_joint_1_steroid_globulin_imputation_log	male	adjust	joint	steroid_globulin_imputation_log	steroid_globulin_imputation_log	1168441	(rg: 0.1168; 95% CI: 0.001 ... 0.232)	0.1168	0.0589	0.115444	0.001 ... 0.232	0.0473	0.001356	0.232244	1	1	0.1168
primary_versus_steroid_globulin_linear_1	30482948_walters_2018_eur_unrel_genotype	alcohol_use_disorder	logistic	male_unadjust_steroid_globulin_imputation_log	male	unadjust	joint	steroid_globulin_imputation_log	steroid_globulin_imputation_log	1168441	(rg: 0.0208; 95% CI: -0.093 ... 0.135)	0.0208	0.0581	0.113876	-0.093 ... 0.135	0.72	-0.093076	0.134676	1	0	0.0208
primary_versus_testosterone_bioavailable_linear	30482948_walters_2018_eur_unrel_genotype	alcohol_use_disorder	logistic	male_joint_1_testosterone_bioavailable_imputation_log	male	adjust	joint	testosterone_bioavailable_imputation_log	testosterone_bioavailable_imputation_log	1168441	(rg: 0.0222; 95% CI: -0.131 ... 0.175)	0.0222	0.078	0.15288	-0.131 ... 0.175	0.7763	-0.13068	0.17508	1	0	0.0222
primary_versus_testosterone_bioavailable_linear	30482948_walters_2018_eur_unrel_genotype	alcohol_use_disorder	logistic	male_unadjust_testosterone_bioavailable_imputation_log	male	unadjust	joint	testosterone_bioavailable_imputation_log	testosterone_bioavailable_imputation_log	1168441	(rg: 0.0229; 95% CI: -0.13 ... 0.176)	0.0229	0.0781	0.153076	-0.13 ... 0.176	0.7696	-0.130176	0.175976	1	0	0.0229
primary_versus_testosterone_free_linear	30482948_walters_2018_eur_unrel_genotype	alcohol_use_disorder	logistic	male_joint_1_testosterone_free_imputation_log	male	adjust	joint	testosterone_free_imputation_log	testosterone_free_imputation_log	1168441	(rg: 0.0317; 95% CI: -0.117 ... 0.181)	0.0317	0.0761	0.149156	-0.117 ... 0.181	0.6773	-0.117456	0.180856	1	0	0.0317
primary_versus_testosterone_free_linear	30482948_walters_2018_eur_unrel_genotype	alcohol_use_disorder	logistic	male_unadjust_testosterone_free_imputation_log	male	unadjust	joint	testosterone_free_imputation_log	testosterone_free_imputation_log	1168441	(rg: 0.0286; 95% CI: -0.118 ... 0.176)	0.0286	0.075	0.147	-0.118 ... 0.176	0.7029	-0.1184	0.1756	1	0	0.0286
primary_versus_testosterone_linear	30482948_walters_2018_eur_unrel_genotype	alcohol_use_disorder	logistic	male_joint_1_testosterone_imputation	male	adjust	joint	testosterone_imputation	testosterone_imputation	1168441	(rg: 0.1131; 95% CI: 0.001 ... 0.225)	0.1131	0.057	0.11172	0.001 ... 0.225	0.0474	0.00138	0.22482	1	1	0.1131
primary_versus_testosterone_linear	30482948_walters_2018_eur_unrel_genotype	alcohol_use_disorder	logistic	male_unadjust_testosterone_imputation	male	unadjust	joint	testosterone_imputation	testosterone_imputation	1168441	(rg: 0.0484; 95% CI: -0.062 ... 0.159)	0.0484	0.0565	0.11074	-0.062 ... 0.159	0.3911	-0.06234	0.15914	1	0	0.0484
primary_versus_testosterone_linear	30482948_walters_2018_eur_unrel_genotype	alcohol_use_disorder	logistic	male_joint_1_testosterone_imputation_log	male	adjust	joint	testosterone_imputation_log	testosterone_imputation_log	1168441	(rg: 0.0731; 95% CI: -0.064 ... 0.21)	0.0731	0.0697	0.136612	-0.064 ... 0.21	0.2944	-0.063512	0.209712	1	0	0.0731
primary_versus_testosterone_linear	30482948_walters_2018_eur_unrel_genotype	alcohol_use_disorder	logistic	male_unadjust_testosterone_imputation_log	male	unadjust	joint	testosterone_imputation_log	testosterone_imputation_log	1168441	(rg: -5.2259e-05; 95% CI: -0.141 ... 0.141)	-5.23E-05	0.072	0.14112	-0.141 ... 0.141	0.9994	-0.141172259	0.141067741	1	0	5.23E-05
primary_versus_testosterone_linear	30482948_walters_2018_eur_unrel_genotype	alcohol_use_disorder	logistic	male_joint_1_testosterone_log	male	adjust	joint	testosterone_log	testosterone_log	1168441	(rg: 0.1079; 95% CI: -0.009 ... 0.225)	0.1079	0.0595	0.11662	-0.009 ... 0.225	0.0695	-0.00872	0.22452	1	0	0.1079
primary_versus_testosterone_linear	30482948_walters_2018_eur_unrel_genotype	alcohol_use_disorder	logistic	male_unadjust_testosterone_log	male	unadjust	joint	testosterone_log	testosterone_log	1168441	(rg: 0.0333; 95% CI: -0.083 ... 0.15)	0.0333	0.0593	0.116228	-0.083 ... 0.15	0.5739	-0.082928	0.149528	1	0	0.0333
primary_versus_albumin_linear_1	30482948_walters_2018_eur_unrel_genotype	alcohol_use_disorder	logistic	male_age_high_joint_1_albumin_imputation	male_age_high	adjust	joint	albumin_imputation	albumin_imputation	1168441	(rg: -0.1004; 95% CI: -0.293 ... 0.092)	-0.1004	0.0982	0.192472	-0.293 ... 0.092	0.3066	-0.292872	0.092072	1	0	0.1004
primary_versus_albumin_linear_1	30482948_walters_2018_eur_unrel_genotype	alcohol_use_disorder	logistic	male_age_high_unadjust_albumin_imputation	male_age_high	unadjust	joint	albumin_imputation	albumin_imputation	1168441	(rg: -0.1246; 95% CI: -0.32 ... 0.071)	-0.1246	0.0999	0.195804	-0.32 ... 0.071	0.2124	-0.320404	0.071204	1	0	0.1246
primary_versus_oestradiol_bioavailable_linear	30482948_walters_2018_eur_unrel_genotype	alcohol_use_disorder	logistic	male_age_high_joint_1_oestradiol_bioavailable_imputation_log	male_age_high	adjust	joint	oestradiol_bioavailable_imputation_log	oestradiol_bioavailable_imputation_log	1168441	(rg: -0.2544; 95% CI: -0.547 ... 0.038)	-0.2544	0.1494	0.292824	-0.547 ... 0.038	0.0885	-0.547224	0.038424	1	0	0.2544
primary_versus_oestradiol_bioavailable_linear	30482948_walters_2018_eur_unrel_genotype	alcohol_use_disorder	logistic	male_age_high_unadjust_oestradiol_bioavailable_imputation_log	male_age_high	unadjust	joint	oestradiol_bioavailable_imputation_log	oestradiol_bioavailable_imputation_log	1168441	(rg: -0.1544; 95% CI: -0.442 ... 0.133)	-0.1544	0.1465	0.28714	-0.442 ... 0.133	0.2919	-0.44154	0.13274	1	0	0.1544
primary_versus_oestradiol_free_linear	30482948_walters_2018_eur_unrel_genotype	alcohol_use_disorder	logistic	male_age_high_joint_1_oestradiol_free_imputation_log	male_age_high	adjust	joint	oestradiol_free_imputation_log	oestradiol_free_imputation_log	1168441	(rg: -0.2016; 95% CI: -0.515 ... 0.111)	-0.2016	0.1597	0.313012	-0.515 ... 0.111	0.2067	-0.514612	0.111412	1	0	0.2016
primary_versus_oestradiol_free_linear	30482948_walters_2018_eur_unrel_genotype	alcohol_use_disorder	logistic	male_age_high_unadjust_oestradiol_free_imputation_log	male_age_high	unadjust	joint	oestradiol_free_imputation_log	oestradiol_free_imputation_log	1168441	(rg: -0.1111; 95% CI: -0.412 ... 0.19)	-0.1111	0.1536	0.301056	-0.412 ... 0.19	0.4697	-0.412156	0.189956	1	0	0.1111
primary_versus_oestradiol_linear_1	30482948_walters_2018_eur_unrel_genotype	alcohol_use_disorder	logistic	male_age_high_joint_1_oestradiol_log	male_age_high	adjust	joint	oestradiol_log	oestradiol_priority	1168444	(rg: -0.3741; 95% CI: -1.003 ... 0.255)	-0.3741	0.3208	0.628768	-1.003 ... 0.255	0.2436	-1.002868	0.254668	1	0	0.3741
primary_versus_oestradiol_linear_1	30482948_walters_2018_eur_unrel_genotype	alcohol_use_disorder	logistic	male_age_high_unadjust_oestradiol_log	male_age_high	unadjust	joint	oestradiol_log	oestradiol_priority	1168444	(rg: -0.3388; 95% CI: -0.95 ... 0.272)	-0.3388	0.3116	0.610736	-0.95 ... 0.272	0.2769	-0.949536	0.271936	1	0	0.3388
primary_versus_steroid_globulin_linear_1	30482948_walters_2018_eur_unrel_genotype	alcohol_use_disorder	logistic	male_age_high_joint_1_steroid_globulin_imputation_log	male_age_high	adjust	joint	steroid_globulin_imputation_log	steroid_globulin_imputation_log	1168441	(rg: 0.0892; 95% CI: -0.069 ... 0.247)	0.0892	0.0806	0.157976	-0.069 ... 0.247	0.2681	-0.068776	0.247176	1	0	0.0892
primary_versus_steroid_globulin_linear_1	30482948_walters_2018_eur_unrel_genotype	alcohol_use_disorder	logistic	male_age_high_unadjust_steroid_globulin_imputation_log	male_age_high	unadjust	joint	steroid_globulin_imputation_log	steroid_globulin_imputation_log	1168441	(rg: 0.0192; 95% CI: -0.142 ... 0.181)	0.0192	0.0824	0.161504	-0.142 ... 0.181	0.816	-0.142304	0.180704	1	0	0.0192
primary_versus_testosterone_bioavailable_linear	30482948_walters_2018_eur_unrel_genotype	alcohol_use_disorder	logistic	male_age_high_joint_1_testosterone_bioavailable_imputation_log	male_age_high	adjust	joint	testosterone_bioavailable_imputation_log	testosterone_bioavailable_imputation_log	1168441	(rg: -0.1045; 95% CI: -0.388 ... 0.179)	-0.1045	0.1445	0.28322	-0.388 ... 0.179	0.4694	-0.38772	0.17872	1	0	0.1045
primary_versus_testosterone_bioavailable_linear	30482948_walters_2018_eur_unrel_genotype	alcohol_use_disorder	logistic	male_age_high_unadjust_testosterone_bioavailable_imputation_log	male_age_high	unadjust	joint	testosterone_bioavailable_imputation_log	testosterone_bioavailable_imputation_log	1168441	(rg: -0.1693; 95% CI: -0.461 ... 0.122)	-0.1693	0.1487	0.291452	-0.461 ... 0.122	0.255	-0.460752	0.122152	1	0	0.1693
primary_versus_testosterone_free_linear	30482948_walters_2018_eur_unrel_genotype	alcohol_use_disorder	logistic	male_age_high_joint_1_testosterone_free_imputation_log	male_age_high	adjust	joint	testosterone_free_imputation_log	testosterone_free_imputation_log	1168441	(rg: -0.0502; 95% CI: -0.323 ... 0.222)	-0.0502	0.139	0.27244	-0.323 ... 0.222	0.7182	-0.32264	0.22224	1	0	0.0502
primary_versus_testosterone_free_linear	30482948_walters_2018_eur_unrel_genotype	alcohol_use_disorder	logistic	male_age_high_unadjust_testosterone_free_imputation_log	male_age_high	unadjust	joint	testosterone_free_imputation_log	testosterone_free_imputation_log	1168441	(rg: -0.1254; 95% CI: -0.403 ... 0.152)	-0.1254	0.1414	0.277144	-0.403 ... 0.152	0.3752	-0.402544	0.151744	1	0	0.1254
primary_versus_testosterone_linear	30482948_walters_2018_eur_unrel_genotype	alcohol_use_disorder	logistic	male_age_high_joint_1_testosterone_imputation_log	male_age_high	adjust	joint	testosterone_imputation_log	testosterone_imputation_log	1168441	(rg: -0.0501; 95% CI: -0.289 ... 0.189)	-0.0501	0.1218	0.238728	-0.289 ... 0.189	0.6809	-0.288828	0.188628	1	0	0.0501
primary_versus_testosterone_linear	30482948_walters_2018_eur_unrel_genotype	alcohol_use_disorder	logistic	male_age_high_unadjust_testosterone_imputation_log	male_age_high	unadjust	joint	testosterone_imputation_log	testosterone_imputation_log	1168441	(rg: -0.1071; 95% CI: -0.356 ... 0.141)	-0.1071	0.1268	0.248528	-0.356 ... 0.141	0.3985	-0.355628	0.141428	1	0	0.1071
primary_versus_testosterone_linear	30482948_walters_2018_eur_unrel_genotype	alcohol_use_disorder	logistic	male_age_high_joint_1_testosterone_log	male_age_high	adjust	joint	testosterone_log	testosterone_log	1168441	(rg: 0.1045; 95% CI: -0.076 ... 0.285)	0.1045	0.0919	0.180124	-0.076 ... 0.285	0.2554	-0.075624	0.284624	1	0	0.1045
primary_versus_testosterone_linear	30482948_walters_2018_eur_unrel_genotype	alcohol_use_disorder	logistic	male_age_high_unadjust_testosterone_log	male_age_high	unadjust	joint	testosterone_log	testosterone_log	1168441	(rg: 0.0201; 95% CI: -0.166 ... 0.206)	0.0201	0.0947	0.185612	-0.166 ... 0.206	0.8323	-0.165512	0.205712	1	0	0.0201
primary_versus_albumin_linear_1	30482948_walters_2018_eur_unrel_genotype	alcohol_use_disorder	logistic	male_age_low_joint_1_albumin_imputation	male_age_low	adjust	joint	albumin_imputation	albumin_imputation	1168441	(rg: -0.0839; 95% CI: -0.275 ... 0.108)	-0.0839	0.0977	0.191492	-0.275 ... 0.108	0.3903	-0.275392	0.107592	1	0	0.0839
primary_versus_albumin_linear_1	30482948_walters_2018_eur_unrel_genotype	alcohol_use_disorder	logistic	male_age_low_unadjust_albumin_imputation	male_age_low	unadjust	joint	albumin_imputation	albumin_imputation	1168441	(rg: -0.11; 95% CI: -0.3 ... 0.08)	-0.11	0.0971	0.190316	-0.3 ... 0.08	0.257	-0.300316	0.080316	1	0	0.11
primary_versus_oestradiol_bioavailable_linear	30482948_walters_2018_eur_unrel_genotype	alcohol_use_disorder	logistic	male_age_low_joint_1_oestradiol_bioavailable_imputation_log	male_age_low	adjust	joint	oestradiol_bioavailable_imputation_log	oestradiol_bioavailable_imputation_log	1168441	(rg: -0.3831; 95% CI: -0.733 ... -0.033)	-0.3831	0.1786	0.350056	-0.733 ... -0.033	0.0319	-0.733156	-0.033044	1	1	0.3831
primary_versus_oestradiol_bioavailable_linear	30482948_walters_2018_eur_unrel_genotype	alcohol_use_disorder	logistic	male_age_low_unadjust_oestradiol_bioavailable_imputation_log	male_age_low	unadjust	joint	oestradiol_bioavailable_imputation_log	oestradiol_bioavailable_imputation_log	1168441	(rg: -0.2709; 95% CI: -0.6 ... 0.058)	-0.2709	0.1678	0.328888	-0.6 ... 0.058	0.1064	-0.599788	0.057988	1	0	0.2709
primary_versus_oestradiol_free_linear	30482948_walters_2018_eur_unrel_genotype	alcohol_use_disorder	logistic	male_age_low_joint_1_oestradiol_free_imputation_log	male_age_low	adjust	joint	oestradiol_free_imputation_log	oestradiol_free_imputation_log	1168441	(rg: -0.3003; 95% CI: -0.667 ... 0.066)	-0.3003	0.1869	0.366324	-0.667 ... 0.066	0.1081	-0.666624	0.066024	1	0	0.3003
primary_versus_oestradiol_free_linear	30482948_walters_2018_eur_unrel_genotype	alcohol_use_disorder	logistic	male_age_low_unadjust_oestradiol_free_imputation_log	male_age_low	unadjust	joint	oestradiol_free_imputation_log	oestradiol_free_imputation_log	1168441	(rg: -0.2043; 95% CI: -0.537 ... 0.129)	-0.2043	0.1698	0.332808	-0.537 ... 0.129	0.229	-0.537108	0.128508	1	0	0.2043
primary_versus_oestradiol_linear_1	30482948_walters_2018_eur_unrel_genotype	alcohol_use_disorder	logistic	male_age_low_joint_1_oestradiol_log	male_age_low	adjust	joint	oestradiol_log	oestradiol_priority	1168444	(rg: -0.4799; 95% CI: -4.093 ... 3.133)	-0.4799	1.8432	3.612672	-4.093 ... 3.133	0.7946	-4.092572	3.132772	0	0	0.4799
primary_versus_oestradiol_linear_1	30482948_walters_2018_eur_unrel_genotype	alcohol_use_disorder	logistic	male_age_low_unadjust_oestradiol_log	male_age_low	unadjust	joint	oestradiol_log	oestradiol_priority	1168444	(rg: -0.3984; 95% CI: -1.703 ... 0.906)	-0.3984	0.6655	1.30438	-1.703 ... 0.906	0.5494	-1.70278	0.90598	1	0	0.3984
primary_versus_steroid_globulin_linear_1	30482948_walters_2018_eur_unrel_genotype	alcohol_use_disorder	logistic	male_age_low_joint_1_steroid_globulin_imputation_log	male_age_low	adjust	joint	steroid_globulin_imputation_log	steroid_globulin_imputation_log	1168441	(rg: 0.1978; 95% CI: 0.05 ... 0.346)	0.1978	0.0754	0.147784	0.05 ... 0.346	0.0087	0.050016	0.345584	1	1	0.1978
primary_versus_steroid_globulin_linear_1	30482948_walters_2018_eur_unrel_genotype	alcohol_use_disorder	logistic	male_age_low_unadjust_steroid_globulin_imputation_log	male_age_low	unadjust	joint	steroid_globulin_imputation_log	steroid_globulin_imputation_log	1168441	(rg: 0.1476; 95% CI: -0.001 ... 0.296)	0.1476	0.0758	0.148568	-0.001 ... 0.296	0.0516	-0.000968	0.296168	1	0	0.1476
primary_versus_testosterone_bioavailable_linear	30482948_walters_2018_eur_unrel_genotype	alcohol_use_disorder	logistic	male_age_low_joint_1_testosterone_bioavailable_imputation_log	male_age_low	adjust	joint	testosterone_bioavailable_imputation_log	testosterone_bioavailable_imputation_log	1168441	(rg: 0.0909; 95% CI: -0.131 ... 0.313)	0.0909	0.1134	0.222264	-0.131 ... 0.313	0.4225	-0.131364	0.313164	1	0	0.0909
primary_versus_testosterone_bioavailable_linear	30482948_walters_2018_eur_unrel_genotype	alcohol_use_disorder	logistic	male_age_low_unadjust_testosterone_bioavailable_imputation_log	male_age_low	unadjust	joint	testosterone_bioavailable_imputation_log	testosterone_bioavailable_imputation_log	1168441	(rg: 0.0625; 95% CI: -0.154 ... 0.279)	0.0625	0.1106	0.216776	-0.154 ... 0.279	0.5721	-0.154276	0.279276	1	0	0.0625
primary_versus_testosterone_free_linear	30482948_walters_2018_eur_unrel_genotype	alcohol_use_disorder	logistic	male_age_low_joint_1_testosterone_free_imputation_log	male_age_low	adjust	joint	testosterone_free_imputation_log	testosterone_free_imputation_log	1168441	(rg: 0.1216; 95% CI: -0.093 ... 0.336)	0.1216	0.1094	0.214424	-0.093 ... 0.336	0.266	-0.092824	0.336024	1	0	0.1216
primary_versus_testosterone_free_linear	30482948_walters_2018_eur_unrel_genotype	alcohol_use_disorder	logistic	male_age_low_unadjust_testosterone_free_imputation_log	male_age_low	unadjust	joint	testosterone_free_imputation_log	testosterone_free_imputation_log	1168441	(rg: 0.0828; 95% CI: -0.126 ... 0.292)	0.0828	0.1066	0.208936	-0.126 ... 0.292	0.4371	-0.126136	0.291736	1	0	0.0828
primary_versus_testosterone_linear	30482948_walters_2018_eur_unrel_genotype	alcohol_use_disorder	logistic	male_age_low_joint_1_testosterone_imputation	male_age_low	adjust	joint	testosterone_imputation	testosterone_imputation	1168441	(rg: 0.1757; 95% CI: 0.011 ... 0.34)	0.1757	0.084	0.16464	0.011 ... 0.34	0.0364	0.01106	0.34034	1	1	0.1757
primary_versus_testosterone_linear	30482948_walters_2018_eur_unrel_genotype	alcohol_use_disorder	logistic	male_age_low_unadjust_testosterone_imputation	male_age_low	unadjust	joint	testosterone_imputation	testosterone_imputation	1168441	(rg: 0.1241; 95% CI: -0.037 ... 0.285)	0.1241	0.0823	0.161308	-0.037 ... 0.285	0.1316	-0.037208	0.285408	1	0	0.1241
primary_versus_testosterone_linear	30482948_walters_2018_eur_unrel_genotype	alcohol_use_disorder	logistic	male_age_low_joint_1_testosterone_imputation_log	male_age_low	adjust	joint	testosterone_imputation_log	testosterone_imputation_log	1168441	(rg: 0.1391; 95% CI: -0.04 ... 0.318)	0.1391	0.0915	0.17934	-0.04 ... 0.318	0.1286	-0.04024	0.31844	1	0	0.1391
primary_versus_testosterone_linear	30482948_walters_2018_eur_unrel_genotype	alcohol_use_disorder	logistic	male_age_low_unadjust_testosterone_imputation_log	male_age_low	unadjust	joint	testosterone_imputation_log	testosterone_imputation_log	1168441	(rg: 0.0788; 95% CI: -0.097 ... 0.255)	0.0788	0.0897	0.175812	-0.097 ... 0.255	0.3793	-0.097012	0.254612	1	0	0.0788
primary_versus_testosterone_linear	30482948_walters_2018_eur_unrel_genotype	alcohol_use_disorder	logistic	male_age_low_joint_1_testosterone_log	male_age_low	adjust	joint	testosterone_log	testosterone_log	1168441	(rg: 0.192; 95% CI: 0.024 ... 0.36)	0.192	0.0857	0.167972	0.024 ... 0.36	0.025	0.024028	0.359972	1	1	0.192
primary_versus_testosterone_linear	30482948_walters_2018_eur_unrel_genotype	alcohol_use_disorder	logistic	male_age_low_unadjust_testosterone_log	male_age_low	unadjust	joint	testosterone_log	testosterone_log	1168441	(rg: 0.1489; 95% CI: -0.014 ... 0.312)	0.1489	0.0832	0.163072	-0.014 ... 0.312	0.0735	-0.014172	0.311972	1	0	0.1489
primary_versus_albumin_linear_1	30482948_walters_2018_eur_unrel_genotype	alcohol_use_disorder	logistic	male_age_middle_joint_1_albumin_imputation	male_age_middle	adjust	joint	albumin_imputation	albumin_imputation	1168441	(rg: 0.1139; 95% CI: -0.065 ... 0.293)	0.1139	0.0915	0.17934	-0.065 ... 0.293	0.2132	-0.06544	0.29324	1	0	0.1139
primary_versus_albumin_linear_1	30482948_walters_2018_eur_unrel_genotype	alcohol_use_disorder	logistic	male_age_middle_unadjust_albumin_imputation	male_age_middle	unadjust	joint	albumin_imputation	albumin_imputation	1168441	(rg: 0.0845; 95% CI: -0.095 ... 0.264)	0.0845	0.0914	0.179144	-0.095 ... 0.264	0.3553	-0.094644	0.263644	1	0	0.0845
primary_versus_oestradiol_bioavailable_linear	30482948_walters_2018_eur_unrel_genotype	alcohol_use_disorder	logistic	male_age_middle_joint_1_oestradiol_bioavailable_imputation_log	male_age_middle	adjust	joint	oestradiol_bioavailable_imputation_log	oestradiol_bioavailable_imputation_log	1168441	(rg: 0.0895; 95% CI: -0.213 ... 0.392)	0.0895	0.1545	0.30282	-0.213 ... 0.392	0.5622	-0.21332	0.39232	1	0	0.0895
primary_versus_oestradiol_bioavailable_linear	30482948_walters_2018_eur_unrel_genotype	alcohol_use_disorder	logistic	male_age_middle_unadjust_oestradiol_bioavailable_imputation_log	male_age_middle	unadjust	joint	oestradiol_bioavailable_imputation_log	oestradiol_bioavailable_imputation_log	1168441	(rg: 0.1393; 95% CI: -0.139 ... 0.418)	0.1393	0.142	0.27832	-0.139 ... 0.418	0.3268	-0.13902	0.41762	1	0	0.1393
primary_versus_oestradiol_free_linear	30482948_walters_2018_eur_unrel_genotype	alcohol_use_disorder	logistic	male_age_middle_joint_1_oestradiol_free_imputation_log	male_age_middle	adjust	joint	oestradiol_free_imputation_log	oestradiol_free_imputation_log	1168441	(rg: 0.0464; 95% CI: -0.254 ... 0.346)	0.0464	0.1531	0.300076	-0.254 ... 0.346	0.7618	-0.253676	0.346476	1	0	0.0464
primary_versus_oestradiol_free_linear	30482948_walters_2018_eur_unrel_genotype	alcohol_use_disorder	logistic	male_age_middle_unadjust_oestradiol_free_imputation_log	male_age_middle	unadjust	joint	oestradiol_free_imputation_log	oestradiol_free_imputation_log	1168441	(rg: 0.1283; 95% CI: -0.152 ... 0.409)	0.1283	0.1432	0.280672	-0.152 ... 0.409	0.3705	-0.152372	0.408972	1	0	0.1283
primary_versus_oestradiol_linear_1	30482948_walters_2018_eur_unrel_genotype	alcohol_use_disorder	logistic	male_age_middle_joint_1_oestradiol_log	male_age_middle	adjust	joint	oestradiol_log	oestradiol_priority	1168443	(rg: -0.0429; 95% CI: -0.676 ... 0.59)	-0.0429	0.3231	0.633276	-0.676 ... 0.59	0.8944	-0.676176	0.590376	1	0	0.0429
primary_versus_oestradiol_linear_1	30482948_walters_2018_eur_unrel_genotype	alcohol_use_disorder	logistic	male_age_middle_unadjust_oestradiol_log	male_age_middle	unadjust	joint	oestradiol_log	oestradiol_priority	1168443	(rg: -0.0779; 95% CI: -0.604 ... 0.448)	-0.0779	0.2683	0.525868	-0.604 ... 0.448	0.7716	-0.603768	0.447968	1	0	0.0779
primary_versus_steroid_globulin_linear_1	30482948_walters_2018_eur_unrel_genotype	alcohol_use_disorder	logistic	male_age_middle_joint_1_steroid_globulin_imputation_log	male_age_middle	adjust	joint	steroid_globulin_imputation_log	steroid_globulin_imputation_log	1168441	(rg: 0.0667; 95% CI: -0.068 ... 0.202)	0.0667	0.0688	0.134848	-0.068 ... 0.202	0.3323	-0.068148	0.201548	1	0	0.0667
primary_versus_steroid_globulin_linear_1	30482948_walters_2018_eur_unrel_genotype	alcohol_use_disorder	logistic	male_age_middle_unadjust_steroid_globulin_imputation_log	male_age_middle	unadjust	joint	steroid_globulin_imputation_log	steroid_globulin_imputation_log	1168441	(rg: -0.0166; 95% CI: -0.149 ... 0.116)	-0.0166	0.0675	0.1323	-0.149 ... 0.116	0.8057	-0.1489	0.1157	1	0	0.0166
primary_versus_testosterone_bioavailable_linear	30482948_walters_2018_eur_unrel_genotype	alcohol_use_disorder	logistic	male_age_middle_joint_1_testosterone_bioavailable_imputation_log	male_age_middle	adjust	joint	testosterone_bioavailable_imputation_log	testosterone_bioavailable_imputation_log	1168441	(rg: 0.0752; 95% CI: -0.11 ... 0.26)	0.0752	0.0945	0.18522	-0.11 ... 0.26	0.4259	-0.11002	0.26042	1	0	0.0752
primary_versus_testosterone_bioavailable_linear	30482948_walters_2018_eur_unrel_genotype	alcohol_use_disorder	logistic	male_age_middle_unadjust_testosterone_bioavailable_imputation_log	male_age_middle	unadjust	joint	testosterone_bioavailable_imputation_log	testosterone_bioavailable_imputation_log	1168441	(rg: 0.0318; 95% CI: -0.158 ... 0.222)	0.0318	0.097	0.19012	-0.158 ... 0.222	0.7428	-0.15832	0.22192	1	0	0.0318
primary_versus_testosterone_free_linear	30482948_walters_2018_eur_unrel_genotype	alcohol_use_disorder	logistic	male_age_middle_joint_1_testosterone_free_imputation_log	male_age_middle	adjust	joint	testosterone_free_imputation_log	testosterone_free_imputation_log	1168441	(rg: 0.061; 95% CI: -0.126 ... 0.248)	0.061	0.0955	0.18718	-0.126 ... 0.248	0.5227	-0.12618	0.24818	1	0	0.061
primary_versus_testosterone_free_linear	30482948_walters_2018_eur_unrel_genotype	alcohol_use_disorder	logistic	male_age_middle_unadjust_testosterone_free_imputation_log	male_age_middle	unadjust	joint	testosterone_free_imputation_log	testosterone_free_imputation_log	1168441	(rg: 0.0175; 95% CI: -0.17 ... 0.205)	0.0175	0.0955	0.18718	-0.17 ... 0.205	0.8549	-0.16968	0.20468	1	0	0.0175
primary_versus_testosterone_linear	30482948_walters_2018_eur_unrel_genotype	alcohol_use_disorder	logistic	male_age_middle_joint_1_testosterone_imputation	male_age_middle	adjust	joint	testosterone_imputation	testosterone_imputation	1168441	(rg: 0.0622; 95% CI: -0.081 ... 0.206)	0.0622	0.0732	0.143472	-0.081 ... 0.206	0.3955	-0.081272	0.205672	1	0	0.0622
primary_versus_testosterone_linear	30482948_walters_2018_eur_unrel_genotype	alcohol_use_disorder	logistic	male_age_middle_joint_1_testosterone_imputation_log	male_age_middle	adjust	joint	testosterone_imputation_log	testosterone_imputation_log	1168441	(rg: 0.0943; 95% CI: -0.077 ... 0.265)	0.0943	0.0872	0.170912	-0.077 ... 0.265	0.2798	-0.076612	0.265212	1	0	0.0943
primary_versus_testosterone_linear	30482948_walters_2018_eur_unrel_genotype	alcohol_use_disorder	logistic	male_age_middle_unadjust_testosterone_imputation_log	male_age_middle	unadjust	joint	testosterone_imputation_log	testosterone_imputation_log	1168441	(rg: 0.0163; 95% CI: -0.154 ... 0.187)	0.0163	0.087	0.17052	-0.154 ... 0.187	0.8516	-0.15422	0.18682	1	0	0.0163
primary_versus_testosterone_linear	30482948_walters_2018_eur_unrel_genotype	alcohol_use_disorder	logistic	male_age_middle_joint_1_testosterone_log	male_age_middle	adjust	joint	testosterone_log	testosterone_log	1168441	(rg: 0.0572; 95% CI: -0.095 ... 0.209)	0.0572	0.0774	0.151704	-0.095 ... 0.209	0.4598	-0.094504	0.208904	1	0	0.0572
primary_versus_testosterone_linear	30482948_walters_2018_eur_unrel_genotype	alcohol_use_disorder	logistic	male_age_middle_unadjust_testosterone_log	male_age_middle	unadjust	joint	testosterone_log	testosterone_log	1168441	(rg: -0.0255; 95% CI: -0.181 ... 0.13)	-0.0255	0.0795	0.15582	-0.181 ... 0.13	0.7484	-0.18132	0.13032	1	0	0.0255
